rank,album_name,artist_name,playcount,playcount_pct
1,Parklife,Blur,437,1.03
2,My Way the Best of Frank Sinatra,Frank Sinatra,379,0.9
3,The Doors,The Doors,346,0.82
4,The Boss,Diana Ross,333,0.79
5,Breakfast in America,Supertramp,317,0.75
6,Blur,Blur,274,0.65
7,Out of the Blue,Electric Light Orchestra,274,0.65
8,British Steel,Judas Priest,272,0.64
9,Morrison Hotel,The Doors,270,0.64
10,Modern Life Is Rubbish,Blur,264,0.63
11,The Magic Whip,Blur,246,0.58
12,Bossanova,Pixies,237,0.56
13,Diana,Diana Ross,236,0.56
14,Arthur (Or the Decline and Fall of the British Empire),The Kinks,221,0.52
15,Coney Island Baby,Lou Reed,217,0.51
16,The Blue Mask,Lou Reed,211,0.5
17,Berlin,Lou Reed,209,0.49
18,OK Computer,Radiohead,189,0.45
19,The Beatles [White Album] Disc 1,The Beatles,188,0.45
20,(What's the Story) Morning Glory?,Oasis,184,0.44
21,Bad Reputation,Thin Lizzy,184,0.44
22,Crystal Castles,Crystal Castles,178,0.42
23,Trompe le Monde,Pixies,174,0.41
24,Rubber Soul,The Beatles,174,0.41
25,Surfer Rosa,Pixies,173,0.41
26,Hunky Dory,David Bowie,170,0.4
27,Elvis: 30 #1 Hits,Elvis Presley,166,0.39
28,The Great Escape,Blur,161,0.38
29,Something Else By The Kinks,The Kinks,158,0.37
30,Blade Runner,Vangelis,157,0.37
31,Drums and Wires,XTC,155,0.37
32,Abbey Road,The Beatles,150,0.36
33,Humanz,Gorillaz,148,0.35
34,Different Class,Pulp,148,0.35
35,Songs in the Key of Life (disc 2),Stevie Wonder,148,0.35
36,Children of the World,Bee Gees,145,0.34
37,Doolittle,Pixies,145,0.34
38,The Bells,Lou Reed,143,0.34
39,Smart,Sleeper,142,0.34
40,The Ballad of Darren,Blur,140,0.33
41,John Lennon/Plastic Ono Band,John Lennon,140,0.33
42,Songs in the Key of Life (disc 1),Stevie Wonder,140,0.33
43,13,Blur,138,0.33
44,Imagine,John Lennon,138,0.33
45,Waiting for the Sun,The Doors,138,0.33
46,A Night at the Opera,Queen,137,0.32
47,The Kinks Are the Village Green Preservation Society,The Kinks,137,0.32
48,Bayou Country,Creedence Clearwater Revival,136,0.32
49,The Wall,Pink Floyd,133,0.31
50,Think Tank,Blur,132,0.31
51,International Velvet,Catatonia,132,0.31
52,Lodger,David Bowie,130,0.31
53,Music From Big Pink,The Band,128,0.3
54,Goodbye Yellow Brick Road,Elton John,127,0.3
55,Off the Wall,Michael Jackson,127,0.3
56,Up the Bracket,The Libertines,127,0.3
57,Imagination,Gladys Knight & The Pips,126,0.3
58,This Is Hardcore,Pulp,126,0.3
59,Discovery,Electric Light Orchestra,122,0.29
60,The Dark Side of the Moon,Pink Floyd,122,0.29
61,Demon Days,Gorillaz,121,0.29
62,Nevermind,Nirvana,119,0.28
63,I Should Coco,Supergrass,119,0.28
64,The Beatles [White Album] Disc 2,The Beatles,119,0.28
65,Lennon Legend,John Lennon,117,0.28
66,Ace of Spades,Motörhead,116,0.27
67,"White Trash, Two Heebs and a Bean",NOFX,115,0.27
68,Sticky Fingers,The Rolling Stones,115,0.27
69,Screaming for Vengeance,Judas Priest,114,0.27
70,Stained Class,Judas Priest,114,0.27
71,Kinks,The Kinks,114,0.27
72,Legend,Bob Marley,111,0.26
73,Lou Reed,Lou Reed,111,0.26
74,Leisure,Blur,110,0.26
75,Low,David Bowie,110,0.26
76,Definitely Maybe,Oasis,108,0.26
77,Talking Heads: 77,Talking Heads,108,0.26
78,Crystal Castles II,Crystal Castles,106,0.25
79,Killing Machine,Judas Priest,106,0.25
80,Bloodsports,Suede,105,0.25
81,More Songs About Buildings and Food,Talking Heads,105,0.25
82,Pet Sounds,The Beach Boys,105,0.25
83,Living in the Material World,George Harrison,103,0.24
84,Transformer,Lou Reed,103,0.24
85,"Never Mind The Bollocks, Here's The Sex Pistols",Sex Pistols,103,0.24
86,K,Kula Shaker,102,0.24
87,Urban Hymns,The Verve,102,0.24
88,Green River,Creedence Clearwater Revival,101,0.24
89,The Rise and Fall of Ziggy Stardust and the Spiders From Mars,David Bowie,101,0.24
90,Currents,Tame Impala,100,0.24
91,Coming Up,Suede,99,0.23
92,Killers,Iron Maiden,98,0.23
93,The Secret Migration,Mercury Rev,98,0.23
94,London Calling,The Clash,98,0.23
95,Love Bites,Buzzcocks,97,0.23
96,Travelling Without Moving,Jamiroquai,97,0.23
97,Sin After Sin,Judas Priest,97,0.23
98,L.A. Woman,The Doors,96,0.23
99,Scary Monsters (and Super Creeps),David Bowie,95,0.22
100,Jailbreak,Thin Lizzy,95,0.22
101,Heroes,David Bowie,94,0.22
102,Suede,Suede,94,0.22
103,His 'n' Hers,Pulp,93,0.22
104,News of the World,Queen,92,0.22
105,A New World Record,Electric Light Orchestra,91,0.22
106,Led Zeppelin IV,Led Zeppelin,91,0.22
107,"Lola Versus Powerman And The Moneygoround, Part One",The Kinks,91,0.22
108,Fush Yu Mang,Smash Mouth,90,0.21
109,Everything Must Go,Manic Street Preachers,89,0.21
110,The Libertines,The Libertines,89,0.21
111,Black Sea,XTC,89,0.21
112,Physical Graffiti,Led Zeppelin,88,0.21
113,Fear of Music,Talking Heads,88,0.21
114,X&Y,Coldplay,87,0.21
115,Congratulations,MGMT,87,0.21
116,The Freddie Mercury Album,Freddie Mercury,85,0.2
117,Blonde on Blonde,Bob Dylan,84,0.2
118,The Bends,Radiohead,84,0.2
119,Steppenwolf,Steppenwolf,84,0.2
120,The Spinning Top,Graham Coxon,83,0.2
121,Wowee Zowee,Pavement,83,0.2
122,Nightlife,Thin Lizzy,83,0.2
123,Ross,Diana Ross,82,0.19
124,The Who Sell Out,The Who,82,0.19
125,Give 'Em Enough Rope,The Clash,81,0.19
126,The Soft Parade,The Doors,81,0.19
127,Innerspeaker,Tame Impala,80,0.19
128,Lonerism,Tame Impala,80,0.19
129,Happiness In Magazines,Graham Coxon,79,0.19
130,The Essential Tracks,Jerry Lee Lewis,79,0.19
131,Purple Rain,Prince,79,0.19
132,Electric Warrior,T. Rex,79,0.19
133,Grandes Éxitos Pequeños Regalos,Celtas Cortos,78,0.18
134,La Culpa Fue De Gabinete,Gabinete Caligari,78,0.18
135,Mind Games,John Lennon,78,0.18
136,Deserter's Songs,Mercury Rev,78,0.18
137,Go 2,XTC,78,0.18
138,Highway to Hell,AC/DC,77,0.18
139,Hail to the Thief,Radiohead,77,0.18
140,Fresh Cream,Cream,76,0.18
141,Love Travels At Illegal Speeds,Graham Coxon,76,0.18
142,Agotados de esperar el fin,Ilegales,76,0.18
143,Fascinado,Sidonie,76,0.18
144,Any Minute Now,Soulwax,76,0.18
145,Strange Days,The Doors,76,0.18
146,Sabbath Bloody Sabbath,Black Sabbath,75,0.18
147,Glenn Miller Plays Selections From The Glenn Miller Story And Other Hits,Glenn Miller,75,0.18
148,Sgt. Pepper's Lonely Hearts Club Band,The Beatles,75,0.18
149,Discovery,Daft Punk,74,0.18
150,Rock And Roll Heart,Lou Reed,74,0.18
151,Hot Space,Queen,74,0.18
152,Fulfillingness First Finale,Stevie Wonder,74,0.18
153,1,The Beatles,73,0.17
154,Johnny the Fox,Thin Lizzy,73,0.17
155,Diamond Dogs,David Bowie,72,0.17
156,United,Phoenix,72,0.17
157,Revolver,The Beatles,72,0.17
158,If You Can Believe Your Eyes and Ears,The Mamas & the Papas,71,0.17
159,Californication,Red Hot Chili Peppers,70,0.17
160,Elastica,Elastica,69,0.16
161,Dog Man Star,Suede,69,0.16
162,Giant Steps,The Boo Radleys,69,0.16
163,Mellon Collie and the Infinite Sadness (Dawn to Dusk),The Smashing Pumpkins,69,0.16
164,Walls and Bridges,John Lennon,68,0.16
165,Maneras de vivir (Todos los grandes éxitos),Leno,68,0.16
166,Veneno En La Piel,Radio Futura,68,0.16
167,Innervisions,Stevie Wonder,68,0.16
168,See You On the Other Side,Mercury Rev,66,0.16
169,McCartney II,Paul McCartney,66,0.16
170,End of the Century,Ramones,66,0.16
171,Road to Ruin,Ramones,66,0.16
172,Merrie Land,"The Good, the Bad & the Queen",66,0.16
173,Face to Face,The Kinks,66,0.16
174,Rocks,Aerosmith,65,0.15
175,The Now Now,Gorillaz,65,0.15
176,El Espíritu Del Vino,Héroes del Silencio,65,0.15
177,A Saucerful of Secrets,Pink Floyd,65,0.15
178,Without You I'm Nothing,Placebo,65,0.15
179,The Rise & Fall,Madness,64,0.15
180,Kid A,Radiohead,64,0.15
181,Born to Run,Bruce Springsteen,63,0.15
182,All Is Dream,Mercury Rev,63,0.15
183,Pablo Honey,Radiohead,63,0.15
184,Head Music,Suede,63,0.15
185,Casanova,The Divine Comedy,63,0.15
186,All Things Must Pass (disc 1),George Harrison,62,0.15
187,Anthology Disc 1,Ramones,62,0.15
188,Life,The Cardigans,62,0.15
189,In Utero,Nirvana,61,0.14
190,Help!,The Beatles,61,0.14
191,The La's,The La's,61,0.14
192,Led Zeppelin III,Led Zeppelin,60,0.14
193,Let It Be,The Beatles,60,0.14
194,Psychocandy,The Jesus and Mary Chain,60,0.14
195,Black Tie White Noise,David Bowie,59,0.14
196,The Very Best Of Elvis Costello Disc 1,Elvis Costello & The Attractions,59,0.14
197,The Real Thing,Faith No More,59,0.14
198,Jarvis,Jarvis Cocker,59,0.14
199,Houses of the Holy,Led Zeppelin,59,0.14
200,Night Thoughts,Suede,58,0.14
201,The Stone Roses,The Stone Roses,58,0.14
202,1977,Ash,57,0.13
203,Modern Life Is Rubbish (Special Edition),Blur,57,0.13
204,Ilegales,Ilegales,57,0.13
205,Superstate (feat. Graham Coxon),Superstate,57,0.13
206,All Summer Long,The Beach Boys,57,0.13
207,Plastic Beach,Gorillaz,56,0.13
208,The Masterplan,Oasis,56,0.13
209,Adore,The Smashing Pumpkins,56,0.13
210,Willy and the Poor Boys,Creedence Clearwater Revival,55,0.13
211,Young Americans,David Bowie,55,0.13
212,Defenders of the Faith,Judas Priest,55,0.13
213,Turbo,Judas Priest,55,0.13
214,Unidad De Desplazamiento,Los Planetas,55,0.13
215,Frankenstein,Los Suaves,55,0.13
216,Loco Por Incordiar,Rosendo,55,0.13
217,In It for the Money,Supergrass,55,0.13
218,Please Please Me,The Beatles,55,0.13
219,Combat Rock,The Clash,55,0.13
220,Best of Specials,The Specials,55,0.13
221,The Velvet Underground & Nico,The Velvet Underground,55,0.13
222,Fighting,Thin Lizzy,55,0.13
223,Everyday Robots,Damon Albarn,54,0.13
224,Juez y Parte,Joaquín Sabina,54,0.13
225,Sally Can't Dance,Lou Reed,54,0.13
226,Tragic Kingdom,No Doubt,54,0.13
227,The Gift,The Jam,54,0.13
228,Is This It,The Strokes,54,0.13
229,Weezer (The Blue Album),Weezer,54,0.13
230,Highway 61 Revisited,Bob Dylan,53,0.13
231,Cosmo's Factory,Creedence Clearwater Revival,53,0.13
232,Space Oddity,David Bowie,53,0.13
233,You're Living All Over Me,Dinosaur Jr.,53,0.13
234,The Sky Is Too High,Graham Coxon,53,0.13
235,Alevosía,Luis Eduardo Aute,53,0.13
236,This Is My Truth Tell Me Yours,Manic Street Preachers,53,0.13
237,The Fat Of The Land,Prodigy,53,0.13
238,Another Music In A Different Kitchen,Buzzcocks,52,0.12
239,Parachutes,Coldplay,52,0.12
240,One Step Beyond,Madness,52,0.12
241,Próxima Estación...Esperanza,Manu Chao,52,0.12
242,Dig Out Your Soul,Oasis,52,0.12
243,1999,Prince,52,0.12
244,Mellon Collie And The Infinite Sadness (Twilight To Starlight),The Smashing Pumpkins,52,0.12
245,1984,Van Halen,52,0.12
246,Pinkerton,Weezer,52,0.12
247,Vol.4,Black Sabbath,51,0.12
248,Aladdin Sane,David Bowie,51,0.12
249,Oracular Spectacular,MGMT,51,0.12
250,Wallpaper For The Soul,Tahiti 80,51,0.12
251,Led Zeppelin II,Led Zeppelin,50,0.12
252,Metal Box,Public Image Ltd.,50,0.12
253,Costa Azul,Sidonie,50,0.12
254,Supergrass,Supergrass,50,0.12
255,The Clash (U.K.),The Clash,50,0.12
256,Parallel Lines,Blondie,49,0.12
257,The Man Who Sold the World,David Bowie,49,0.12
258,Duran Duran,Duran Duran,49,0.12
259,Gorillaz,Gorillaz,49,0.12
260,Lust for Life,Iggy Pop,49,0.12
261,Don't Believe the Truth,Oasis,49,0.12
262,Everyone's Got One,Echobelly,48,0.11
263,Be Here Now,Oasis,48,0.11
264,The Madcap Laughs,Syd Barrett,48,0.11
265,Alta Suciedad,Andrés Calamaro,47,0.11
266,The Fall,Gorillaz,47,0.11
267,Sad Wings of Destiny,Judas Priest,47,0.11
268,Voy a acabar borracho,Platero y tú,47,0.11
269,We Love Life,Pulp,47,0.11
270,Ramones,Ramones,47,0.11
271,Dirty,Sonic Youth,47,0.11
272,Eliminator,ZZ Top,47,0.11
273,Toys in the Attic,Aerosmith,46,0.11
274,Leaders of the Free World,Elbow,46,0.11
275,Aloha From Hawaii Via Satellite,Elvis Presley,46,0.11
276,Herzeleid,Rammstein,46,0.11
277,Outlandos D'Amour,The Police,46,0.11
278,Hatful of Hollow,The Smiths,46,0.11
279,Angel Dust,Faith No More,45,0.11
280,Version 2.0,Garbage,45,0.11
281,Unknown Pleasures,Joy Division,45,0.11
282,In Through the Out Door,Led Zeppelin,45,0.11
283,Street Hassle,Lou Reed,45,0.11
284,What's Going On,Marvin Gaye,45,0.11
285,Blue Lines,Massive Attack,45,0.11
286,Thriller,Michael Jackson,45,0.11
287,Alphabetical,Phoenix,45,0.11
288,Kaleidoscope,Siouxsie and the Banshees,45,0.11
289,Mars Audiac Quintet,Stereolab,45,0.11
290,Exodus,Bob Marley & The Wailers,44,0.1
291,"Song Machine, Season One: Strange Timez",Gorillaz,44,0.1
292,Senderos De Traición,Héroes del Silencio,44,0.1
293,Surrealistic Pillow,Jefferson Airplane,44,0.1
294,Otis Blue,Otis Redding,44,0.1
295,Let It Bleed,The Rolling Stones,44,0.1
296,Powerage,AC/DC,43,0.1
297,Mask,Bauhaus,43,0.1
298,The Great Escape (Special Edition),Blur,43,0.1
299,Machine Head,Deep Purple,43,0.1
300,Bad Moon Rising,Sonic Youth,43,0.1
301,Spiders,Space,43,0.1
302,Gran Turismo,The Cardigans,43,0.1
303,Kinda Kinks,The Kinks,43,0.1
304,Let's Dance,David Bowie,42,0.1
305,The Next Day,David Bowie,42,0.1
306,Dookie,Green Day,42,0.1
307,Buena Suerte,Los Rodríguez,42,0.1
308,Come On Pilgrim,Pixies,42,0.1
309,"The Good, the Bad & the Queen","The Good, the Bad & the Queen",42,0.1
310,Who's Next,The Who,42,0.1
311,Honestidad Brutal CD1,Andrés Calamaro,41,0.1
312,Master of Reality,Black Sabbath,41,0.1
313,Rock 'n' Roll Animal,Lou Reed,41,0.1
314,Attack Of The Grey Lantern,Mansun,41,0.1
315,Walk Among Us,Misfits,41,0.1
316,Isn't Anything,my bloody valentine,41,0.1
317,Punk in Drublic,NOFX,41,0.1
318,Beggars Banquet,The Rolling Stones,41,0.1
319,Rumours,Fleetwood Mac,40,0.09
320,Rocka Rolla,Judas Priest,40,0.09
321,Black Holes and Revelations,Muse,40,0.09
322,Ram,Paul McCartney,40,0.09
323,Meddle,Pink Floyd,40,0.09
324,Are You Experienced?,The Jimi Hendrix Experience,40,0.09
325,City Lights,The WAEVE,40,0.09
326,The WAEVE,The WAEVE,40,0.09
327,The Ideal Crash,dEUS,39,0.09
328,Eldorado,Electric Light Orchestra,39,0.09
329,Avalancha,Héroes del Silencio,39,0.09
330,Malas Compañías,Joaquín Sabina,39,0.09
331,Here's Little Richard,Little Richard,39,0.09
332,The Band,The Band,39,0.09
333,Tyrannosaurus Hives,The Hives,39,0.09
334,Vagabonds of the Western World,Thin Lizzy,39,0.09
335,Achtung Baby,U2,39,0.09
336,Back in Black,AC/DC,38,0.09
337,Debut,Björk,38,0.09
338,Too Low For Zero,Elton John,38,0.09
339,Ruleta Rusa,Joaquín Sabina,38,0.09
340,Second Helping,Lynyrd Skynyrd,38,0.09
341,18,Moby,38,0.09
342,Blur (Special Edition),Blur,37,0.09
343,Todos Están Muertos,Ilegales,37,0.09
344,It's Never Been Like That,Phoenix,37,0.09
345,Head Carrier,Pixies,37,0.09
346,Jazz,Queen,37,0.09
347,These People,Richard Ashcroft,37,0.09
348,Even in the Quietest Moments...,Supertramp,37,0.09
349,A Hard Day's Night,The Beatles,37,0.09
350,Hot Fuss,The Killers,37,0.09
351,The Smiths,The Smiths,37,0.09
352,Facelift,Alice in Chains,36,0.09
353,Parklife (Special Edition),Blur,36,0.09
354,"The Nearer the Fountain, More Pure the Stream Flows",Damon Albarn,36,0.09
355,2nd to None,Elvis Presley,36,0.09
356,Impuesto Revolucionario,Eskorbuto,36,0.09
357,Dressed To Kill,Kiss,36,0.09
358,Iron Fist,Motörhead,36,0.09
359,Moseley Shoals,Ocean Colour Scene,36,0.09
360,"Kiss Me, Kiss Me, Kiss Me",The Cure,36,0.09
361,Surfing with the Alien,Joe Satriani,35,0.08
362,Double Fantasy,John Lennon,35,0.08
363,Horses,Patti Smith,35,0.08
364,Out of Time,R.E.M.,35,0.08
365,Surrender,The Chemical Brothers,35,0.08
366,Boys Don't Cry,The Cure,35,0.08
367,Seventeen Seconds,The Cure,35,0.08
368,The Best of Van Morrison,Van Morrison,35,0.08
369,Creedence Clearwater Revival,Creedence Clearwater Revival,34,0.08
370,The Very Best Of Edith Piaf,Édith Piaf,34,0.08
371,The Golden D,Graham Coxon,34,0.08
372,Sanatorio de Muñecos,Hamlet,34,0.08
373,El ritmo del garage,Loquillo y Trogloditas,34,0.08
374,Ultrasónica,Los Piratas,34,0.08
375,Rage Against the Machine,Rage Against the Machine,34,0.08
376,Righeira,Righeira,34,0.08
377,In the City,The Jam,34,0.08
378,Highly Evolved,The Vines,34,0.08
379,"Whatever People Say I Am, That's What I'm Not",Arctic Monkeys,33,0.08
380,Larga Vida Al Rock and Roll,Barón Rojo,33,0.08
381,Mr. Natural,Bee Gees,33,0.08
382,Nuevas mezclas,El Último de la Fila,33,0.08
383,Somos unos Animales,Extremoduro,33,0.08
384,A+E,Graham Coxon,33,0.08
385,Life,Inspiral Carpets,33,0.08
386,Synkronized,Jamiroquai,33,0.08
387,Myths of the Near Future,Klaxons,33,0.08
388,Mezzanine,Massive Attack,33,0.08
389,Play,Moby,33,0.08
390,Origin of Symmetry,Muse,33,0.08
391,Player,Player,33,0.08
392,Dummy,Portishead,33,0.08
393,Amnesiac,Radiohead,33,0.08
394,Antidepressants,Suede,33,0.08
395,Elephant,The White Stripes,33,0.08
396,The Joshua Tree,U2,33,0.08
397,Paranoid,Black Sabbath,32,0.08
398,All The People... Blur: Live In Hyde Park 02/07/2009,Blur,32,0.08
399,Leisure (Special Edition),Blur,32,0.08
400,Live At The Budokan,Blur,32,0.08
401,On the Third Day,Electric Light Orchestra,32,0.08
402,Antidotes,Foals,32,0.08
403,There Is Nothing Left to Lose,Foo Fighters,32,0.08
404,Appetite for Destruction,Guns N' Roses,32,0.08
405,Patente De Corso,Jaime Urrutia,32,0.08
406,Vulgar Display of Power,Pantera,32,0.08
407,Indie Cindy,Pixies,32,0.08
408,A Day at the Races,Queen,32,0.08
409,Rated R,Queens of the Stone Age,32,0.08
410,El fin de la década,Burning,31,0.07
411,Waterloo To Anywhere,Dirty Pretty Things,31,0.07
412,Franz Ferdinand,Franz Ferdinand,31,0.07
413,Al calor del amor en un bar,Gabinete Caligari,31,0.07
414,Esta Vida Me Va A Matar,Los Suaves,31,0.07
415,Showbiz,Muse,31,0.07
416,Bleach,Nirvana,31,0.07
417,Wish You Were Here,Pink Floyd,31,0.07
418,Music for the Jilted Generation,The Prodigy,31,0.07
419,After-Math,The Rolling Stones,31,0.07
420,Vampire Weekend,Vampire Weekend,31,0.07
421,Homework,Daft Punk,30,0.07
422,Radio Songs,Dave Rowntree,30,0.07
423,Rock Transgresivo,Extremoduro,30,0.07
424,Ladies And Gentlemen... The Best Of George Michael,George Michael,30,0.07
425,Grace,Jeff Buckley,30,0.07
426,El Hombre del Traje Gris,Joaquín Sabina,30,0.07
427,Greatest Hits,Joe Cocker,30,0.07
428,Painkiller,Judas Priest,30,0.07
429,30 Años De Éxitos,Los Toreros Muertos,30,0.07
430,Automatic for the People,R.E.M.,30,0.07
431,Sehnsucht,Rammstein,30,0.07
432,The It Girl,Sleeper,30,0.07
433,Grease,Soundtrack,30,0.07
434,A Short Cut To Teenage Fanclub,Teenage Fanclub,30,0.07
435,Three Imaginary Boys,The Cure,30,0.07
436,Absolutely Live,The Doors,30,0.07
437,Spirits Having Flown,Bee Gees,29,0.07
438,Best of,Blur,29,0.07
439,The Best Of Chet Baker,Chet Baker,29,0.07
440,Use Your Brain,Clawfinger,29,0.07
441,Disraeli Gears,Cream,29,0.07
442,Face the Music,Electric Light Orchestra,29,0.07
443,Strangers in the Night,Frank Sinatra,29,0.07
444,D-Sides CD1,Gorillaz,29,0.07
445,Growing Up in Public,Lou Reed,29,0.07
446,Screamadelica,Primal Scream,29,0.07
447,His 'n' Hers (Bonus Disc),Pulp,29,0.07
448,The Slider,T. Rex,29,0.07
449,Siamese Dream,The Smashing Pumpkins,29,0.07
450,Funeral,Arcade Fire,28,0.07
451,Mutations,Beck,28,0.07
452,A Different Kind of Tension,Buzzcocks,28,0.07
453,Alzheimer,Def con Dos,28,0.07
454,King for a Day... Fool for a Lifetime,Faith No More,28,0.07
455,Back To Front,Gilbert O'Sullivan,28,0.07
456,Our Love to Admire,Interpol,28,0.07
457,Stand Up,Jethro Tull,28,0.07
458,Sin Documentos,Los Rodríguez,28,0.07
459,Rust In Peace,Megadeth,28,0.07
460,¿Donde jugarán las niñas?,Molotov,28,0.07
461,A Tientas y Barrancas,Rosendo,28,0.07
462,The Coral,The Coral,28,0.07
463,Neon Bible,Arcade Fire,27,0.06
464,Suck It and See,Arctic Monkeys,27,0.06
465,Station to Station,David Bowie,27,0.06
466,Communiqué,Dire Straits,27,0.06
467,Metropolis Pt. 2: Scenes From a Memory,Dream Theater,27,0.06
468,On,Echobelly,27,0.06
469,Once Upon a Time in the West,Hard-Fi,27,0.06
470,Employment,Kaiser Chiefs,27,0.06
471,Too Fast for Love,Mötley Crüe,27,0.06
472,A Kind of Magic,Queen,27,0.06
473,Fuera De Lugar,Rosendo,27,0.06
474,The Kink Kontroversy,The Kinks,27,0.06
475,Meat Is Murder,The Smiths,27,0.06
476,My Generation,The Who,27,0.06
477,White Music,XTC,27,0.06
478,Main Course,Bee Gees,26,0.06
479,Black Sabbath,Black Sabbath,26,0.06
480,Crystal Castles III,Crystal Castles,26,0.06
481,Rio,Duran Duran,26,0.06
482,Crocodiles,Echo & the Bunnymen,26,0.06
483,Warning,Green Day,26,0.06
484,Regreso Al Sexo Químicamente Puro,Ilegales,26,0.06
485,Because of the Times,Kings of Leon,26,0.06
486,Kiss,Kiss,26,0.06
487,The Firstborn Is Dead,Nick Cave & the Bad Seeds,26,0.06
488,Chasing Yesterday,Noel Gallagher's High Flying Birds,26,0.06
489,Sheer Heart Attack,Queen,26,0.06
490,Rocket to Russia,Ramones,26,0.06
491,Mother's Milk,Red Hot Chili Peppers,26,0.06
492,Rocket Juice & the Moon,Rocket Juice & The Moon,26,0.06
493,Ogden's Nut Gone Flake,Small Faces,26,0.06
494,Beatles for Sale,The Beatles,26,0.06
495,Songs The Lord Taught Us,The Cramps,26,0.06
496,Smash,The Offspring,26,0.06
497,Pizza Pop,Australian Blonde,25,0.06
498,In the Flat Field,Bauhaus,25,0.06
499,Saturday Night Fever: The Original Movie Sound Track,Bee Gees,25,0.06
500,The River,Bruce Springsteen,25,0.06
501,3 Feet High and Rising,De La Soul,25,0.06
502,Estopa,Estopa,25,0.06
503,Tonight: Franz Ferdinand,Franz Ferdinand,25,0.06
504,Sketches of Spain,Miles Davis,25,0.06
505,Low-Life,New Order,25,0.06
506,Noel Gallagher's High Flying Birds,Noel Gallagher,25,0.06
507,Grabaciones Completas 1981-1983,Parálisis Permanente,25,0.06
508,Muy Deficiente,Platero Y Tu,25,0.06
509,Música moderna,Radio Futura,25,0.06
510,Remain in Light,Talking Heads,25,0.06
511,Wake Up!,The Boo Radleys,25,0.06
512,Yoshimi Battles the Pink Robots,The Flaming Lips,25,0.06
513,Experience,The Prodigy,25,0.06
514,Enter the Wu-Tang (36 Chambers),Wu-Tang Clan,25,0.06
515,Among the Living,Anthrax,24,0.06
516,Volumen Brutal,Barón Rojo,24,0.06
517,The Sky's Gone Out,Bauhaus,24,0.06
518,Dire Straits,Dire Straits,24,0.06
519,Tumbleweed Connection,Elton John,24,0.06
520,From Here to Eternity,Giorgio Moroder,24,0.06
521,Crow Sit on Blood Tree,Graham Coxon,24,0.06
522,Chicos Pálidos Para La Máquina,Ilegales,24,0.06
523,The Number of the Beast,Iron Maiden,24,0.06
524,"I Got Dem Ol' Kozmic Blues Again, Mama",Janis Joplin,24,0.06
525,Surfing the Void,Klaxons,24,0.06
526,Generation Terrorists,Manic Street Preachers,24,0.06
527,Countdown to Extinction,Megadeth,24,0.06
528,"Stories From the City, Stories From the Sea",PJ Harvey,24,0.06
529,The Best of Talking Heads,Talking Heads,24,0.06
530,Marquee Moon,Television,24,0.06
531,Volcano,Temples,24,0.06
532,Dig Your Own Hole,The Chemical Brothers,24,0.06
533,Faith,The Cure,24,0.06
534,All Mod Cons,The Jam,24,0.06
535,Pretenders,The Pretenders,24,0.06
536,Maxinquaye,Tricky,24,0.06
537,It's Blitz!,Yeah Yeah Yeahs,24,0.06
538,Por Instinto,Barricada,23,0.05
539,Billy Idol,Billy Idol,23,0.05
540,Buddy Holly 75 - CD2,Buddy Holly,23,0.05
541,Crowded House,Crowded House,23,0.05
542,Caldo de Pollo,Decibelios,23,0.05
543,"Right Thoughts, Right Words, Right Action",Franz Ferdinand,23,0.05
544,Earth A.D. & Wolfsblood,Misfits,23,0.05
545,Animal Rights,Moby,23,0.05
546,Yield,Pearl Jam,23,0.05
547,The Wall [CD1],Pink Floyd,23,0.05
548,Good Humor,Saint Etienne,23,0.05
549,Magical Mystery Tour,The Beatles,23,0.05
550,Hate,The Delgados,23,0.05
551,The Fat of the Land,The Prodigy,23,0.05
552,Tommy,The Who,23,0.05
553,Nine Lives,Aerosmith,22,0.05
554,La Taberna del Buda,Café Quijano,22,0.05
555,Hours...,David Bowie,22,0.05
556,Fireball,Deep Purple,22,0.05
557,Slowhand,Eric Clapton,22,0.05
558,A Funk Odyssey,Jamiroquai,22,0.05
559,Nothing's Shocking,Jane's Addiction,22,0.05
560,Loveless,my bloody valentine,22,0.05
561,New York Dolls,New York Dolls,22,0.05
562,Correos,Platero y tú,22,0.05
563,More,Pulp,22,0.05
564,The Works,Queen,22,0.05
565,Blood Sugar Sex Magik,Red Hot Chili Peppers,22,0.05
566,By the Way,Red Hot Chili Peppers,22,0.05
567,Nowhere,Ride,22,0.05
568,For Your Pleasure,Roxy Music,22,0.05
569,Goo,Sonic Youth,22,0.05
570,A Catholic Education,Teenage Fanclub,22,0.05
571,Ghost In The Machine,The Police,22,0.05
572,Reggatta de Blanc,The Police,22,0.05
573,Room on Fire,The Strokes,22,0.05
574,Fragile,Yes,22,0.05
575,Buddy Holly 75 - CD01,Buddy Holly,21,0.05
576,Anti Todo,Eskorbuto,21,0.05
577,Encuentros con entidades,Los Planetas,21,0.05
578,Una semana en el motor de un autobús,Los Planetas,21,0.05
579,New Sensations,Lou Reed,21,0.05
580,Tubular Bells,Mike Oldfield,21,0.05
581,Brighten the Corners,Pavement,21,0.05
582,Complete 'B' Sides,Pixies,21,0.05
583,The Game,Queen,21,0.05
584,Reckoning,R.E.M.,21,0.05
585,Deuce,Rory Gallagher,21,0.05
586,Talking Book,Stevie Wonder,21,0.05
587,Crisis? What Crisis?,Supertramp,21,0.05
588,With the Beatles,The Beatles,21,0.05
589,Setting Sons,The Jam,21,0.05
590,Gish,The Smashing Pumpkins,21,0.05
591,A Northern Soul,The Verve,21,0.05
592,If You're Feeling Sinister,Belle and Sebastian,20,0.05
593,Midlife: A Beginner's Guide To Blur,Blur,20,0.05
594,Singles Going Steady,Buzzcocks,20,0.05
595,Ocean Rain,Echo & the Bunnymen,20,0.05
596,Emergency On Planet Earth,Jamiroquai,20,0.05
597,Point of Entry,Judas Priest,20,0.05
598,Destroyer,Kiss,20,0.05
599,Super 8,Los Planetas,20,0.05
600,(pronounced 'lĕh-'nérd 'skin-'nérd),Lynyrd Skynyrd,20,0.05
601,MGMT,MGMT,20,0.05
602,Standing on the Shoulder of Giants,Oasis,20,0.05
603,Vitalogy,Pearl Jam,20,0.05
604,Life Thru a Lens,Robbie Williams,20,0.05
605,Ágætis byrjun,Sigur Rós,20,0.05
606,True,Spandau Ballet,20,0.05
607,Stage Fright,The Band,20,0.05
608,The Head on the Door,The Cure,20,0.05
609,Primary Colours,The Horrors,20,0.05
610,Skying,The Horrors,20,0.05
611,The Queen Is Dead,The Smiths,20,0.05
612,The Who by Numbers,The Who,20,0.05
613,Undertow,Tool,20,0.05
614,Music for the Masses,Depeche Mode,19,0.04
615,Freak Out!,Frank Zappa,19,0.04
616,Substance,Joy Division,19,0.04
617,Salve,La Polla Records,19,0.04
618,Led Zeppelin I,Led Zeppelin,19,0.04
619,Songs of Leonard Cohen,Leonard Cohen,19,0.04
620,Colour Of The Trap,Miles Kane,19,0.04
621,Don't Forget Who You Are,Miles Kane,19,0.04
622,Bomber,Motörhead,19,0.04
623,Black Market Music,Placebo,19,0.04
624,Queen,Queen,19,0.04
625,Yellow Submarine,The Beatles,19,0.04
626,Machina - The Machines of God,The Smashing Pumpkins,19,0.04
627,Eat to the Beat,Blondie,18,0.04
628,13 (Special Edition),Blur,18,0.04
629,Think Tank (Special Edition),Blur,18,0.04
630,Armas Pal Pueblo,Def con Dos,18,0.04
631,Flamingos,Enrique Bunbury,18,0.04
632,E=MC2,Giorgio Moroder,18,0.04
633,Empire,Kasabian,18,0.04
634,In the Court of the Crimson King,King Crimson,18,0.04
635,Gold Against the Soul,Manic Street Preachers,18,0.04
636,Master of Puppets,Metallica,18,0.04
637,The Good Son,Nick Cave & the Bad Seeds,18,0.04
638,The Piper at the Gates of Dawn,Pink Floyd,18,0.04
639,Separations,Pulp,18,0.04
640,Robbie Dupree,Robbie Dupree,18,0.04
641,Jugar Al Gua,Rosendo,18,0.04
642,Bailaré Sobre Tu Tumba,Siniestro Total,18,0.04
643,Superunknown,Soundgarden,18,0.04
644,It's Only Rock 'n' Roll,The Rolling Stones,18,0.04
645,summerteeth,Wilco,18,0.04
646,The Suburbs,Arcade Fire,17,0.04
647,Rasgos,Camilo Sesto,17,0.04
648,Bug,Dinosaur Jr.,17,0.04
649,Agíla,Extremoduro,17,0.04
650,Iros Todos a Tomar Por Culo,Extremoduro,17,0.04
651,El Mar No Cesa,Héroes del Silencio,17,0.04
652,"Crooked Rain, Crooked Rain",Pavement,17,0.04
653,Hay Poco Rock & Roll,Platero y tú,17,0.04
654,Muy deficiente,Platero y tú,17,0.04
655,Songs for the Deaf,Queens of the Stone Age,17,0.04
656,Nunca es Tarde... si la Dicha es Buena,Reincidentes,17,0.04
657,"Veo, Veo... Mamoneo",Rosendo,17,0.04
658,¿Cuándo se come aqui?,Siniestro Total,17,0.04
659,Menos Mal Que Nos Queda Portugal,Siniestro Total,17,0.04
660,A New Morning,Suede,17,0.04
661,Crime of the Century,Supertramp,17,0.04
662,Rock Of Ages,The Band,17,0.04
663,Between 10th and 11th,The Charlatans,17,0.04
664,Sam's Town,The Killers,17,0.04
665,Some Girls,The Rolling Stones,17,0.04
666,NME Presents the 90s Disc 1,Various Artists,17,0.04
667,NME Presents the 90s Disc 2,Various Artists,17,0.04
668,NME Presents the 90s Disc 3,Various Artists,17,0.04
669,Weezer (The Green Album),Weezer,17,0.04
670,Reflektor,Arcade Fire,16,0.04
671,Odelay,Beck,16,0.04
672,Catch Bull At Four,Cat Stevens,16,0.04
673,You Could Have It So Much Better,Franz Ferdinand,16,0.04
674,Glasvegas,Glasvegas,16,0.04
675,El Muchacho Eléctrico,Jaime Urrutia,16,0.04
676,Some Time In New York City [CD1]],John Lennon,16,0.04
677,16 Biggest Hits,Johnny Cash,16,0.04
678,Kasabian,Kasabian,16,0.04
679,Life Is Peachy,Korn,16,0.04
680,Autobahn,Kraftwerk,16,0.04
681,Physical Graffiti (CD2),Led Zeppelin,16,0.04
682,Chocolate Starfish and the Hot Dog Flavored Water,Limp Bizkit,16,0.04
683,Peace Sells... But Who's Buying?,Megadeth,16,0.04
684,... And Justice for All,Metallica,16,0.04
685,Movement,New Order,16,0.04
686,Marchin' Already,Ocean Colour Scene,16,0.04
687,Rancid,Rancid,16,0.04
688,Sandinista!,The Clash,16,0.04
689,Darklands,The Jesus and Mary Chain,16,0.04
690,Black and Blue,The Rolling Stones,16,0.04
691,Live & Dangerous,Thin Lizzy,16,0.04
692,Good Feeling,Travis,16,0.04
693,Le origini volume 1,Adriano Celentano,15,0.04
694,No Control,Bad Religion,15,0.04
695,Licensed to Ill,Beastie Boys,15,0.04
696,Never Say Die!,Black Sabbath,15,0.04
697,Under the Westway,Blur,15,0.04
698,Madrid,Burning,15,0.04
699,Inadaptados,Cicatriz,15,0.04
700,Grandes éxitos y fracasos (Episodio primero),Extremoduro,15,0.04
701,"You've Come a Long Way, Baby",Fatboy Slim,15,0.04
702,Privado,Gabinete Caligari,15,0.04
703,This Is Glenn Miller And His Orchestra,Glenn Miller,15,0.04
704,Canciones 84-96 CD1,Héroes del Silencio,15,0.04
705,"Palabras más, Palabras Menos",Los Rodríguez,15,0.04
706,Absolutely,Madness,15,0.04
707,The Downward Spiral,Nine Inch Nails,15,0.04
708,7,Platero y tú,15,0.04
709,This Is Hardcore (Bonus Disc),Pulp,15,0.04
710,Greatest Hits I,Queen,15,0.04
711,Live aus Berlin,Rammstein,15,0.04
712,La Tortuga,Rosendo,15,0.04
713,In Trance,Scorpions,15,0.04
714,Never Mind the Bollocks,Sex Pistols,15,0.04
715,Von,Sigur Rós,15,0.04
716,How to Make Friends and Influence People,Terrorvision,15,0.04
717,Everything's Alright Forever,The Boo Radleys,15,0.04
718,The Clash (U.S.),The Clash,15,0.04
719,To the Faithful Departed,The Cranberries,15,0.04
720,Disintegration,The Cure,15,0.04
721,Band on the Run,Wings,15,0.04
722,Nu-Clear Sounds,Ash,14,0.03
723,Sabotage,Black Sabbath,14,0.03
724,Cria Cuervos,Boikot,14,0.03
725,Born in the U.S.A.,Bruce Springsteen,14,0.03
726,Fresh Fruit for Rotting Vegetables,Dead Kennedys,14,0.03
727,"Madrid, zona bruta",El Club de los Poetas Violentos,14,0.03
728,Deltoya,Extremoduro,14,0.03
729,Use Your Illusion II,Guns N' Roses,14,0.03
730,The Return Of The Space Cowboy,Jamiroquai,14,0.03
731,Computer World,Kraftwerk,14,0.03
732,LHR,La Habitación Roja,14,0.03
733,Revolución,La Polla Records,14,0.03
734,Presence,Led Zeppelin,14,0.03
735,New York,Lou Reed,14,0.03
736,Load,Metallica,14,0.03
737,Bad,Michael Jackson,14,0.03
738,Big Calm,Morcheeba,14,0.03
739,Mechanical Wonder,Ocean Colour Scene,14,0.03
740,Ten,Pearl Jam,14,0.03
741,Death Goes To The Disco,Pulp,14,0.03
742,It,Pulp,14,0.03
743,New Adventures in Hi-Fi,R.E.M.,14,0.03
744,Tin Planet,Space,14,0.03
745,Come With Us,The Chemical Brothers,14,0.03
746,Psychedelic Jungle,The Cramps,14,0.03
747,Sound Affects,The Jam,14,0.03
748,Ixnay on the Hombre,The Offspring,14,0.03
749,Get a Grip,Aerosmith,13,0.03
750,Welcome to My Nightmare,Alice Cooper,13,0.03
751,Favourite Worst Nightmare,Arctic Monkeys,13,0.03
752,Shotter´s Nation,Babyshambles,13,0.03
753,Balas Blancas,Barricada,13,0.03
754,"Different Gear, Still Speeding",Beady Eye,13,0.03
755,Big Brother & Holding Company,Big Brother & The Holding Company,13,0.03
756,Plastic Letters,Blondie,13,0.03
757,Parklive Disc 1,Blur,13,0.03
758,The Times They Are A-Changin',Bob Dylan,13,0.03
759,The River 1,Bruce Springsteen,13,0.03
760,Never Let Me Down,David Bowie,13,0.03
761,Transatlanticism,Death Cab for Cutie,13,0.03
762,Pyromania,Def Leppard,13,0.03
763,Violator,Depeche Mode,13,0.03
764,ELO 2,Electric Light Orchestra,13,0.03
765,Pequeño,Enrique Bunbury,13,0.03
766,Canciones Prohibidas,Extremoduro,13,0.03
767,Use Your Illusion I,Guns N' Roses,13,0.03
768,Make Yourself,Incubus,13,0.03
769,"Yo, mi, me, contigo",Joaquín Sabina,13,0.03
770,Live in New York City,John Lennon,13,0.03
771,Ray of Light,Madonna,13,0.03
772,"Te quiero,Te quiero",Nino Bravo,13,0.03
773,Un Beso Y Una Flor,Nino Bravo,13,0.03
774,Beneath The Eyrie,Pixies,13,0.03
775,Evil Heat,Primal Scream,13,0.03
776,Sing When You're Winning,Robbie Williams,13,0.03
777,Deja Que les Diga Que No!,Rosendo,13,0.03
778,Emperor Tomato Ketchup,Stereolab,13,0.03
779,Barrett,Syd Barrett,13,0.03
780,Bandwagonesque,Teenage Fanclub,13,0.03
781,Grand Prix,Teenage Fanclub,13,0.03
782,The Hush,Texas,13,0.03
783,First Band on the Moon,The Cardigans,13,0.03
784,Tellin' Stories (US Edition),The Charlatans,13,0.03
785,No Need to Argue,The Cranberries,13,0.03
786,Live at the Hollywood Bowl,The Doors,13,0.03
787,Muswell Hillbillies,The Kinks,13,0.03
788,Bridges to Babylon,The Rolling Stones,13,0.03
789,Get Behind Me Satan,The White Stripes,13,0.03
790,A Quick One,The Who,13,0.03
791,The Eraser,Thom Yorke,13,0.03
792,Lateralus,Tool,13,0.03
793,Maladroit,Weezer,13,0.03
794,Permanent Vacation,Aerosmith,12,0.03
795,Humbug,Arctic Monkeys,12,0.03
796,Suffer,Bad Religion,12,0.03
797,Sunday at the vanguard,Bill Evans,12,0.03
798,Parklive Disc 2,Blur,12,0.03
799,Greetings From Asbury Park,Bruce Springsteen,12,0.03
800,Mardi Gras,Creedence Clearwater Revival,12,0.03
801,Captain Fantastic and the Brown Dirt Cowboy,Elton John,12,0.03
802,La ley innata,Extremoduro,12,0.03
803,Garbage,Garbage,12,0.03
804,Juke Box Saturday Night,Glenn Miller,12,0.03
805,Milestones Of A Swing Legend CD6,Glenn Miller,12,0.03
806,Sun Valley Serenade,Glenn Miller,12,0.03
807,American Beauty,Grateful Dead,12,0.03
808,New Values,Iggy Pop,12,0.03
809,S.C.I.E.N.C.E.,Incubus,12,0.03
810,Further Complications,Jarvis Cocker,12,0.03
811,Radio-Activity,Kraftwerk,12,0.03
812,The Man Machine,Kraftwerk,12,0.03
813,Legendary Hearts,Lou Reed,12,0.03
814,Lovelife,Lush,12,0.03
815,Things to Make and Do,Moloko,12,0.03
816,After the Gold Rush,Neil Young,12,0.03
817,The Wall [CD2],Pink Floyd,12,0.03
818,Vamos Tirando,Platero y tú,12,0.03
819,Freaks,Pulp,12,0.03
820,Murmur,R.E.M.,12,0.03
821,"Reise, Reise",Rammstein,12,0.03
822,El Incendio,Sidonie,12,0.03
823,Spirit of Eden,Talk Talk,12,0.03
824,Songs From Northern Britain,Teenage Fanclub,12,0.03
825,Wish,The Cure,12,0.03
826,Veni Vidi Vicious,The Hives,12,0.03
827,Strange House,The Horrors,12,0.03
828,Americana,The Offspring,12,0.03
829,Zenyattà Mondatta,The Police,12,0.03
830,Pretenders II,The Pretenders,12,0.03
831,"Strangeways, Here We Come",The Smiths,12,0.03
832,The Man,Barry White,11,0.03
833,Blondie,Blondie,11,0.03
834,Bringing It All Back Home,Bob Dylan,11,0.03
835,La extraordinaria paradoja del sonido Quijano,Café Quijano,11,0.03
836,Indicios,Carlos Berlanga,11,0.03
837,Pendulum,Creedence Clearwater Revival,11,0.03
838,Adrenaline,Deftones,11,0.03
839,Black Celebration,Depeche Mode,11,0.03
840,Falling Into Infinity,Dream Theater,11,0.03
841,Hellville de Luxe,Enrique Bunbury,11,0.03
842,¿Dónde Están Mis Amigos?,Extremoduro,11,0.03
843,All Things Must Pass (disc 2),George Harrison,11,0.03
844,Orchestra Wives,Glenn Miller,11,0.03
845,Celebrity Skin,Hole,11,0.03
846,"Si la muerte me mira de frente, me pongo de lao",Ilegales,11,0.03
847,Aqualung,Jethro Tull,11,0.03
848,The Messenger,Johnny Marr,11,0.03
849,Fatal Portrait,King Diamond,11,0.03
850,Only by the Night,Kings of Leon,11,0.03
851,"Peasants, Pigs & Astronauts",Kula Shaker,11,0.03
852,Pop,Los Planetas,11,0.03
853,Shout at the Devil,Mötley Crüe,11,0.03
854,Prepárate,Obus,11,0.03
855,Infest,Papa Roach,11,0.03
856,Vs.,Pearl Jam,11,0.03
857,Atom Heart Mother,Pink Floyd,11,0.03
858,Portishead,Portishead,11,0.03
859,Evil Empire,Rage Against the Machine,11,0.03
860,Mutter,Rammstein,11,0.03
861,Music Kills Me,Rinôçérôse,11,0.03
862,Show No Mercy,Slayer,11,0.03
863,Purple,Stone Temple Pilots,11,0.03
864,Long Gone Before Daylight,The Cardigans,11,0.03
865,Some Friendly,The Charlatans,11,0.03
866,Exit Planet Dust,The Chemical Brothers,11,0.03
867,Village Green Preservation Society [Special Deluxe Edition 2004] (CD2 Mono),The Kinks,11,0.03
868,Synchronicity,The Police,11,0.03
869,Goats Head Soup,The Rolling Stones,11,0.03
870,Tattoo You,The Rolling Stones,11,0.03
871,White Blood Cells,The White Stripes,11,0.03
872,Zooropa,U2,11,0.03
873,Year Of The Cat,Al Stewart,10,0.02
874,Diez,Alaska y Dinarama,10,0.02
875,Billion Dollar Babies,Alice Cooper,10,0.02
876,HONESTIDAD BRUTAL CD2,Andrés Calamaro,10,0.02
877,Flowing Rivers,Andy Gibb,10,0.02
878,Darkness on the Edge of Town,Bruce Springsteen,10,0.02
879,Sentimientos,Camilo Sesto,10,0.02
880,A Rush of Blood to the Head,Coldplay,10,0.02
881,Earthling,David Bowie,10,0.02
882,Cien Mil Vueltas,Gabinete Caligari,10,0.02
883,"Song Machine, Season One: Strange Timez (Deluxe Edition)",Gorillaz,10,0.02
884,The Kiss of Morning,Graham Coxon,10,0.02
885,Nimrod,Green Day,10,0.02
886,Pearl,Janis Joplin,10,0.02
887,La Flaca,Jarabe de Palo,10,0.02
888,Ram It Down,Judas Priest,10,0.02
889,Rock and Roll Over,Kiss,10,0.02
890,Physical Graffiti (CD1),Led Zeppelin,10,0.02
891,Canciones Para Una Orquesta Química (CD 1),Los Planetas,10,0.02
892,Hasta Luego,Los Rodríguez,10,0.02
893,Entre Amigos,Luis Eduardo Aute,10,0.02
894,"So Far, So Good... So What!",Megadeth,10,0.02
895,Kill 'Em All,Metallica,10,0.02
896,Hergest Ridge,Mike Oldfield,10,0.02
897,Kind of Blue,Miles Davis,10,0.02
898,Theatre of Pain,Mötley Crüe,10,0.02
899,Overkill,Motörhead,10,0.02
900,The Resistance,Muse,10,0.02
901,Harvest,Neil Young,10,0.02
902,Too Much Too Soon,New York Dolls,10,0.02
903,Pretty Hate Machine,Nine Inch Nails,10,0.02
904,Songs For The Front Row - The Best Of Ocean Colour Scene,Ocean Colour Scene,10,0.02
905,Placebo,Placebo,10,0.02
906,De un país en llamas,Radio Futura,10,0.02
907,La canción de Juan Perro,Radio Futura,10,0.02
908,In Rainbows (Disc 1),Radiohead,10,0.02
909,Para Mal O Para Bien,Rosendo,10,0.02
910,Roxy Music,Roxy Music,10,0.02
911,Taken By Force,Scorpions,10,0.02
912,Reign in Blood,Slayer,10,0.02
913,EVOL,Sonic Youth,10,0.02
914,The Top,The Cure,10,0.02
915,Other Voices,The Doors,10,0.02
916,Costello Music,The Fratellis,10,0.02
917,Day & Age,The Killers,10,0.02
918,Undercover,The Rolling Stones,10,0.02
919,First Impressions of Earth,The Strokes,10,0.02
920,Bringing Down The Horse,The Wallflowers,10,0.02
921,It's Hard,The Who,10,0.02
922,Afterburner,ZZ Top,10,0.02
923,El Loco,ZZ Top,10,0.02
924,Tres Hombres,ZZ Top,10,0.02
925,High Voltage,AC/DC,9,0.02
926,School's Out,Alice Cooper,9,0.02
927,Imaginations From The Other Side,Blind Guardian,9,0.02
928,Blonde on Blond,Bob Dylan,9,0.02
929,Algo más,Camilo Sesto,9,0.02
930,Chic,Chic,9,0.02
931,Human After All,Daft Punk,9,0.02
932,Saturday Night Fever: The Original Movie Sound Track,David Shire,9,0.02
933,Some Great Reward,Depeche Mode,9,0.02
934,Branquias Bajo el Agua,Derribos Arias,9,0.02
935,Seven and the Ragged Tiger,Duran Duran,9,0.02
936,Destrangis,Estopa,9,0.02
937,Camino Soria,Gabinete Caligari,9,0.02
938,Selling England by the Pound,Genesis,9,0.02
939,Golpes bajos,Golpes Bajos,9,0.02
940,Iron Maiden,Iron Maiden,9,0.02
941,Piece of Mind,Iron Maiden,9,0.02
942,"Hotel, Dulce Hotel",Joaquín Sabina,9,0.02
943,Señales de Humo,Los Coronas,9,0.02
944,Mecano,Mecano,9,0.02
945,Porgy and Bess,Miles Davis,9,0.02
946,Brotherhood,New Order,9,0.02
947,Your Funeral... My Trial,Nick Cave & the Bad Seeds,9,0.02
948,McCartney,Paul McCartney,9,0.02
949,Anthology Disc 2,Ramones,9,0.02
950,Canciones Para Normales y Mero Dementes,Rosendo,9,0.02
951,Animal Magnetism,Scorpions,9,0.02
952,Virgin Killer,Scorpions,9,0.02
953,Juju,Siouxsie and the Banshees,9,0.02
954,Fresh Cream,Soundtrack,9,0.02
955,Pulp Fiction (Collector's Edition),Soundtrack,9,0.02
956,Antidepressants (Deluxe CD),Suede,9,0.02
957,Step II,Sylvester,9,0.02
958,Back Stabbers,The O'Jays,9,0.02
959,Who Are You,The Who,9,0.02
960,Along Came Jones,Tom Jones,9,0.02
961,Older,Various Artists,9,0.02
962,Wild Life,Wings,9,0.02
963,Le Fabuleux Destin d'Amélie Poulain,Yann Tiersen,9,0.02
964,Technical Ectasy,Black Sabbath,8,0.02
965,David Bowie,David Bowie,8,0.02
966,Segundo Asalto,Def con Dos,8,0.02
967,Porcupine,Echo & the Bunnymen,8,0.02
968,Glenn Miller (An Album Of Outstanding Arrangements),Glenn Miller,8,0.02
969,Aoxomoxoa,Grateful Dead,8,0.02
970,American Idiot,Green Day,8,0.02
971,Powerslave,Iron Maiden,8,0.02
972,Volunteers,Jefferson Airplane,8,0.02
973,Coda,Led Zeppelin,8,0.02
974,Nuthin' Fancy,Lynyrd Skynyrd,8,0.02
975,The Holy Bible,Manic Street Preachers,8,0.02
976,Killing Is My Business...And Business Is Good!,Megadeth,8,0.02
977,Ride the Lightning,Metallica,8,0.02
978,"Power, Corruption & Lies",New Order,8,0.02
979,Kicking Against the Pricks,Nick Cave & the Bad Seeds,8,0.02
980,Danger Zone,Player,8,0.02
981,4ever,Prince,8,0.02
982,Green,R.E.M.,8,0.02
983,Leave Home,Ramones,8,0.02
984,... A Las Lombrices,Rosendo,8,0.02
985,Lovedrive,Scorpions,8,0.02
986,Singles 93-03,The Chemical Brothers,8,0.02
987,Pornography,The Cure,8,0.02
988,Singles,The Smiths,8,0.02
989,Raw Power,The Stooges,8,0.02
990,File Live Yardbirds,The Yardbirds,8,0.02
991,"The Wild, the Innocent & the E Street Shuffle",Bruce Springsteen,7,0.02
992,Live Santa Monica '72,David Bowie,7,0.02
993,Oi!,Decibelios,7,0.02
994,Deep Purple In Rock,Deep Purple,7,0.02
995,Who Do We Think We Are,Deep Purple,7,0.02
996,Nursery Cryme,Genesis,7,0.02
997,The Marvelous Miller Medleys,Glenn Miller,7,0.02
998,El Espiritu Del Vino,Héroes del Silencio,7,0.02
999,"Yours Truly, Angry Mob",Kaiser Chiefs,7,0.02
1000,Trans-Europe Express,Kraftwerk,7,0.02
1001,A Día De Hoy,Luis Eduardo Aute,7,0.02
1002,Auterretratos Vol.1 (CD1),Luis Eduardo Aute,7,0.02
1003,Tubular Bells II,Mike Oldfield,7,0.02
1004,Unplugged in New York,Nirvana,7,0.02
1005,Songs For The Front Row - The Best of Ocean Colour Scene - ARK21,Ocean Colour Scene,7,0.02
1006,Fly To The Rainbow,Scorpions,7,0.02
1007,Grand Theft Auto: San Andreas Official Soundtrack Box Set,Soundtrack,7,0.02
1008,Minute by Minute,The Doobie Brothers,7,0.02
1009,Mellon Collie and the Infinite Sadness (CD 1 Dawn to Dusk),The Smashing Pumpkins,7,0.02
1010,Fun House,The Stooges,7,0.02
1011,Vivir Para Contarlo,Violadores del Verso,7,0.02
1012,Red Rose Speedway,Wings,7,0.02
1013,Don't Stop,Billy Idol,6,0.01
1014,Bustin' + Dronin' (Disc-1),Blur,6,0.01
1015,The Freewheelin' Bob Dylan,Bob Dylan,6,0.01
1016,Mali Music,Damon Albarn,6,0.01
1017,Material Defectuoso,Extremoduro,6,0.01
1018,Foxtrot,Genesis,6,0.01
1019,Double Fantasy,John Lennon/Yoko Ono,6,0.01
1020,Korn,Korn,6,0.01
1021,Pleasant Dreams,Ramones,6,0.01
1022,Saturday Night Fever: The Original Movie Sound Track,The Trammps,6,0.01
1023,"White light, white heat",The Velvet Underground,6,0.01
1024,The Invisible Band,Travis,6,0.01
1025,Dirty Deeds Done Dirt Cheap,AC/DC,5,0.01
1026,Al Green Is Love,Al Green,5,0.01
1027,Parklive Disc 3,Blur,5,0.01
1028,Buddy Holly 75 - CD03,Buddy Holly,5,0.01
1029,"4 años, 2 meses y 1 dia",Cicatriz,5,0.01
1030,Dr Dee,Damon Albarn,5,0.01
1031,Pin Ups,David Bowie,5,0.01
1032,Scary Monsters,David Bowie,5,0.01
1033,Pulp Fiction (Collector's Edition),Dick Dale,5,0.01
1034,El Apóstol De La Lujuria,Ilegales,5,0.01
1035,Best Of Bossa Nova - 75 Classic Hits (Disc 1),João Gilberto,5,0.01
1036,Kollected - The Best Of Kula Shaker,Kula Shaker,5,0.01
1037,Life in Cartoon Motion,Mika,5,0.01
1038,Maybe You've Been Brainwashed Too,New Radicals,5,0.01
1039,Prepárate,Obús,5,0.01
1040,Animals,Pink Floyd,5,0.01
1041,A Pelo,Platero y tú,5,0.01
1042,Chronic Town,R.E.M.,5,0.01
1043,Up,R.E.M.,5,0.01
1044,The Great Rock'n'Roll Swindle,Sid Vicious,5,0.01
1045,Best Of Bossa Nova - 75 Classic Hits (Disc 1),Sylvia Telles,5,0.01
1046,Sweetheart Of The Rodeo,The Byrds,5,0.01
1047,In Concert CD2,The Doors,5,0.01
1048,Dirty Work,The Rolling Stones,5,0.01
1049,Pop,U2,5,0.01
1050,Van Halen II,Van Halen,5,0.01
1051,En Vivo Mucho Mejor,Ariel Rot,4,0.01
1052,The Boy with the Arab Strap,Belle and Sebastian,4,0.01
1053,Amor Libre,Camilo Sesto,4,0.01
1054,Grandes Éxitos Pequeños Regalos 2,Celtas Cortos,4,0.01
1055,The Marshall Mathers LP,Eminem,4,0.01
1056,Los singles,Gabinete Caligari,4,0.01
1057,Sombras Negras,Gabinete Caligari,4,0.01
1058,The New Glenn Miller Orchestra in Hi Fi,Glenn Miller,4,0.01
1059,Mentiras Piadosas,Joaquín Sabina,4,0.01
1060,Canciones de un Poeta,José Luis Perales,4,0.01
1061,Greatest Hits,Les Paul & Mary Ford,4,0.01
1062,Vaqueros del espacio,Loquillo y Trogloditas,4,0.01
1063,Incantations,Mike Oldfield,4,0.01
1064,Passion,Peor Impossible,4,0.01
1065,Different Class (bonus disc),Pulp,4,0.01
1066,Greatest Hits II,Queen,4,0.01
1067,Pulp Fiction (Collector's Edition),Al Green,3,0.01
1068,Saturday Night Fever Soundtrack,Bee Gees,3,0.01
1069,Colours - Fan Club Single,Blur,3,0.01
1070,Midlife A Beginner's Guide To Blur,Blur,3,0.01
1071,Camilo,Camilo Sesto,3,0.01
1072,9:30 El Remix,El Club de los Poetas Violentos,3,0.01
1073,"The Good, the Bad and the Ugly",Ennio Morricone,3,0.01
1074,El Viaje A Ninguna Parte (disc 1),Enrique Bunbury,3,0.01
1075,Grandes éxitos y fracasos (Episodio segundo),Extremoduro,3,0.01
1076,"Song Machine, Season One: Strange Timez (Japanese Edition)",Gorillaz,3,0.01
1077,Raindrops Keep Fallin' On My Head,Johnny Mathis,3,0.01
1078,Love Will Tear Us Apart,Joy Division,3,0.01
1079,Saturday Night Fever: The Original Movie Sound Track,KC and The Sunshine Band,3,0.01
1080,Saturday Night Fever: The Original Movie Sound Track,Kool & the Gang,3,0.01
1081,Proxima Estación: Esperanza,Manu Chao,3,0.01
1082,Absolution,Muse,3,0.01
1083,Mi Tierra,Nino Bravo,3,0.01
1084,Primal - The Best Of The Fire Years 1983-1992,Pulp,3,0.01
1085,Innuendo,Queen,3,0.01
1086,The Miracle,Queen,3,0.01
1087,"La Ley Del Desierto, La Ley Del Mar",Radio Futura,3,0.01
1088,Saturday Night Fever: The Original Movie Sound Track,Ralph MacDonald,3,0.01
1089,Paranoid,Soundtrack,3,0.01
1090,Saturday Night Fever: The Original Movie Sound Track,Tavares,3,0.01
1091,Hot Fuss (limited edition),The Killers,3,0.01
1092,Hums Of The Lovin' Spoonful,The Lovin' Spoonful,3,0.01
1093,Saturday Night Fever: The Original Movie Sound Track,Various Artists,3,0.01
1094,Saturday Night Fever: The Original Movie Sound Track,Walter Murphy,3,0.01
1095,Close to the Edge,Yes,3,0.01
1096,Saturday Night Fever: The Original Movie Sound Track,Yvonne Elliman,3,0.01
1097,Le origini - Volume 2,Adriano Celentano,2,0.0
1098,Metalmorfosis,Barón Rojo,2,0.0
1099,All the people... Blur: Live in Hyde Park 02/07/2009 - Disc 01,Blur,2,0.0
1100,"BBC Broadcasts, 1995.06.17 London, Mile End Stadium",Blur,2,0.0
1101,Blurb 1,Blur,2,0.0
1102,Pulp Fiction (Collector's Edition),Brothers Johnson,2,0.0
1103,Grandes Éxitos Pequeños Regalos 1,Celtas Cortos,2,0.0
1104,Reality,David Bowie,2,0.0
1105,Baby It's Me,Diana Ross,2,0.0
1106,The Very Best of Elvis Costello Disc 2,Elvis Costello,2,0.0
1107,The Very Best of Elvis Costello Disc 2,Elvis Costello & The Attractions,2,0.0
1108,Cuatro rosas. Que Dios reparta suerte,Gabinete Caligari,2,0.0
1109,For The Very First Time Vol. 1,Glenn Miller,2,0.0
1110,Canciones '84 - '96 (CD 2 von 2),Héroes del Silencio,2,0.0
1111,Física y Química,Joaquín Sabina,2,0.0
1112,Pulp Fiction (Collector's Edition),John Travolta,2,0.0
1113,Pulp Fiction (Collector's Edition),Kool & the Gang,2,0.0
1114,2002 - KOLLECTED - THE BEST OF,Kula Shaker,2,0.0
1115,Better Can't Make Your Life Better,Lilys,2,0.0
1116,¿Dónde Estabas Tú En El 77?,Loquillo y Trogloditas,2,0.0
1117,Pacífico / Todos los chico en la playa,Loquillo y Trogloditas,2,0.0
1118,Disco Pirata,Los Rodríguez,2,0.0
1119,Bultacos Y Montesas,Los Sencillos,2,0.0
1120,Metal Machine Music,Lou Reed,2,0.0
1121,Crises,Mike Oldfield,2,0.0
1122,Ommadawn,Mike Oldfield,2,0.0
1123,Apocalypshit,Molotov,2,0.0
1124,The 2nd Law,Muse,2,0.0
1125,One From the Modern,Ocean Colour Scene,2,0.0
1126,This Is What You Want... This Is What You Get,Public Image Ltd.,2,0.0
1127,Sabbatical,Rosa Anschütz,2,0.0
1128,Bookends,Simon & Garfunkel,2,0.0
1129,Spare Ribs,Sleaford Mods,2,0.0
1130,Performance and Cocktails,Stereophonics,2,0.0
1131,Best Of The Capitol Years 1995-2007,The Dandy Warhols,2,0.0
1132,Absent Friends,The Divine Comedy,2,0.0
1133,Come on Feel the Lemonheads,The Lemonheads,2,0.0
1134,Rotten Apples,The Smashing Pumpkins,2,0.0
1135,Is This It (US),The Strokes,2,0.0
1136,Winning Days,The Vines,2,0.0
1137,Let's Stay Together,Various Artists,2,0.0
1138,Let's Stay Together,Al Green,1,0.0
1139,Alaska Y Los Pegamoides,Alaska y Los Pegamoides,1,0.0
1140,Que Pasa Nen Estic Content,Alizzz,1,0.0
1141,Come to Daddy,Aphex Twin,1,0.0
1142,Raindrops Keep Fallin' on My Head,B.J. Thomas,1,0.0
1143,La Araña,Barricada,1,0.0
1144,Living Eyes,Bee Gees,1,0.0
1145,Greatest Hits,Billy Idol,1,0.0
1146,Rebel Yell,Billy Idol,1,0.0
1147,Grand Theft Auto: San Andreas Official Soundtrack Box Set,Black Harmony,1,0.0
1148,Enema of the State,blink-182,1,0.0
1149,All the people... Blur: Live in Hyde Park 02/07/2009 - Disc 02,Blur,1,0.0
1150,Atrapado en el Amor,Burning,1,0.0
1151,Best Of Bossa Nova - 75 Classic Hits (Disc 1),Carlos Lyra,1,0.0
1152,1. Outside - The Nathan Adler Diaries: A Hyper Cycle,David Bowie,1,0.0
1153,David Live CD1,David Bowie,1,0.0
1154,Space Oddity (Bonus Disc),David Bowie,1,0.0
1155,Stage (disc 2),David Bowie,1,0.0
1156,Vacaciones en el Prat,Decibelios,1,0.0
1157,Ultramemia,Def con Dos,1,0.0
1158,Pulp Fiction (Collector's Edition),Duane Whitaker,1,0.0
1159,Alas Sobre El Mundo,El Aviador Dro,1,0.0
1160,Closeup,Frankie Valli,1,0.0
1161,PIAS 2005 Music First,Franz Ferdinand,1,0.0
1162,SUBID LA MUSICA,Gabinete Caligari,1,0.0
1163,Older,George Michael,1,0.0
1164,For The Very First Time Vol. 2,Glenn Miller,1,0.0
1165,The Sound of Glenn Miller,Glenn Miller,1,0.0
1166,Kasabian,Ｇｏｒｉｌｌａｚ,1,0.0
1167,Better Than Raw,Helloween,1,0.0
1168,Bonito,Jarabe de Palo,1,0.0
1169,De Vuelta Y Vuelta,Jarabe de Palo,1,0.0
1170,Depende,Jarabe de Palo,1,0.0
1171,Cross,Justice,1,0.0
1172,Pulp Fiction (Collector's Edition),Link Wray & His Wraymen,1,0.0
1173,Ese Día Piensa En Mí,Los Suaves,1,0.0
1174,PIAS 2005 Music First,Marc Parrot,1,0.0
1175,Pulp Fiction (Collector's Edition),Maria McKee,1,0.0
1176,Antichrist Superstar,Marilyn Manson,1,0.0
1177,Metallica (Black Album),Metallica,1,0.0
1178,Tender Prey,Nick Cave & the Bad Seeds,1,0.0
1179,Best Of The Capitol Years 1995-2007,Original TV Soundtrack,1,0.0
1180,Manners,Passion Pit,1,0.0
1181,Sounds of Silence,Paul Simon,1,0.0
1182,Best Of Bossa Nova - 75 Classic Hits (Disc 1),Pery Ribeiro,1,0.0
1183,First Issue,Public Image Ltd.,1,0.0
1184,The Flowers of Romance,Public Image Ltd.,1,0.0
1185,The King of Limbs,Radiohead,1,0.0
1186,Anthology ( Disc 2 ),Ramones,1,0.0
1187,Listos Para La Reconversión,Rosendo,1,0.0
1188,Pulp Fiction (Collector's Edition),Samuel L. Jackson,1,0.0
1189,Blackout,Scorpions,1,0.0
1190,Never Mind The Bollocks [TOCP-53098 TOSHIBA-EMI JAPAN],Sex Pistols,1,0.0
1191,The Great Rock'n'Roll Swindle,Sex Pistols,1,0.0
1192,Sounds of Silence,Simon & Garfunkel,1,0.0
1193,Siniestro Total II: El Regreso,Siniestro Total,1,0.0
1194,Eton Alive,Sleaford Mods,1,0.0
1195,Sleaford Mods,Sleaford Mods,1,0.0
1196,Easy Rider,Steppenwolf,1,0.0
1197,The Second,Steppenwolf,1,0.0
1198,Adventure,Television,1,0.0
1199,Push the Button,The Chemical Brothers,1,0.0
1200,PIAS 2005 Music First,The Go! Team,1,0.0
1201,Get The Knack,The Knack,1,0.0
1202,Pulp Fiction (Collector's Edition),The Lively Ones,1,0.0
1203,Someone to Drive You Home,The Long Blondes,1,0.0
1204,Pulp Fiction (Collector's Edition),The Marketts,1,0.0
1205,Always Outnumbered Never Outgu,The Prodigy,1,0.0
1206,Pulp Fiction (Collector's Edition),The Robins,1,0.0
1207,It's Only Rock ' N Roll,The Rolling Stones,1,0.0
1208,Their Satanic Majesties Request,The Rolling Stones,1,0.0
1209,Mellon Collie and the Infinite Sadness (CD 2 Twilight to Starlight),The Smashing Pumpkins,1,0.0
1210,Hatful Of Hollow (Japan MiniLP WPCR-12439),The Smiths,1,0.0
1211,Pulp Fiction (Collector's Edition),The Statler Brothers,1,0.0
1212,Kilimanjaro,The Teardrop Explodes,1,0.0
1213,Van Halen,Van Halen,1,0.0
1214,The Bends,Varios intérpretes,1,0.0
1215,The Invisible Band,Various Artists,1,0.0
1216,Best Of Bossa Nova - 75 Classic Hits (Disc 1),Vinícius de Moraes,1,0.0
