rank,artist_name,playcount,artist_url,artist_mbid
1,Blur,2343,https://www.last.fm/music/Blur,ba853904-ae25-4ebb-89d6-c44cfbd71bd2
2,Lou Reed,1278,https://www.last.fm/music/Lou+Reed,9d1ebcfe-4c15-4d18-95d3-d919898638a1
3,David Bowie,1226,https://www.last.fm/music/David+Bowie,5441c29d-3602-4898-b1a1-b77fa23b8e50
4,The Beatles,1153,https://www.last.fm/music/The+Beatles,b10bbbfc-cf9e-42e0-be17-e2c3e1d2600d
5,The Doors,1065,https://www.last.fm/music/The+Doors,9efff43b-3b29-4082-824e-bc82f646f93d
6,Judas Priest,960,https://www.last.fm/music/Judas+Priest,6b335658-22c8-485d-93de-0bc29a1d0349
7,The Kinks,881,https://www.last.fm/music/The+Kinks,17b53d9f-5c63-4a09-a593-dde4608e0db9
8,Pixies,870,https://www.last.fm/music/Pixies,b6b2bb8d-54a9-491f-9607-7b546023b433
9,Diana Ross,653,https://www.last.fm/music/Diana+Ross,60d41417-feda-4734-bbbf-7dcc30e08a83
10,John Lennon,611,https://www.last.fm/music/John+Lennon,4d5447d7-c61c-4120-ba1b-d7f471d385b9
11,Electric Light Orchestra,600,https://www.last.fm/music/Electric+Light+Orchestra,0c502791-4ee9-4c5f-9696-0602b721ff3b
12,Gorillaz,572,https://www.last.fm/music/Gorillaz,e21857d5-3256-4547-afb3-4b6ded592596
13,Suede,548,https://www.last.fm/music/Suede,
14,Pulp,546,https://www.last.fm/music/Pulp,76b2e842-5e85-4c97-ab62-d5bc315595b5
15,Thin Lizzy,545,https://www.last.fm/music/Thin+Lizzy,6a726ac6-019e-455c-8bbb-571a77bed52e
16,Radiohead,523,https://www.last.fm/music/Radiohead,a74b1b7f-71a5-4011-9441-d0b5e4122711
17,Oasis,518,https://www.last.fm/music/Oasis,
18,Queen,512,https://www.last.fm/music/Queen,0383dadf-2a4e-4d10-a46a-e9e041da8eb3
19,Led Zeppelin,460,https://www.last.fm/music/Led+Zeppelin,678d88b2-87b0-403b-b63d-5da7465aecc3
20,Pink Floyd,460,https://www.last.fm/music/Pink+Floyd,83d91898-7763-47d7-b03b-b92132375c47
21,Stevie Wonder,451,https://www.last.fm/music/Stevie+Wonder,1ee18fb3-18a6-4c7f-8ba0-bc41cdd0462e
22,Frank Sinatra,408,https://www.last.fm/music/Frank+Sinatra,197450cd-0124-4164-b723-3c22dd16494d
23,Creedence Clearwater Revival,402,https://www.last.fm/music/Creedence+Clearwater+Revival,109958eb-a335-4c5e-907e-597ff4c6af46
24,Graham Coxon,392,https://www.last.fm/music/Graham+Coxon,fb56cc34-2ab1-4621-ac18-9bf2895e5f4f
25,Supertramp,392,https://www.last.fm/music/Supertramp,d2ff6b6b-fc30-48dc-8952-06f9d8fc64f8
26,Talking Heads,350,https://www.last.fm/music/Talking+Heads,a94a7155-c79d-4409-9fcf-220cb0e4dc3a
27,XTC,349,https://www.last.fm/music/XTC,
28,The Rolling Stones,334,https://www.last.fm/music/The+Rolling+Stones,b071f9fa-14b0-4217-8e97-eb41da73f598
29,The Clash,315,https://www.last.fm/music/The+Clash,8f92558c-2baa-4758-8c38-615519e9deda
30,Crystal Castles,310,https://www.last.fm/music/Crystal+Castles,b1570544-93ab-4b2b-8398-131735394202
31,Mercury Rev,305,https://www.last.fm/music/Mercury+Rev,7b1cf87e-c54f-4abc-893d-90245a31900d
32,Ramones,291,https://www.last.fm/music/Ramones,d6ed7887-a401-47a8-893c-34b967444d26
33,Black Sabbath,265,https://www.last.fm/music/Black+Sabbath,5182c1d9-c7d2-4dad-afa0-ccfeada921a8
34,Bee Gees,262,https://www.last.fm/music/Bee+Gees,bf0f7e29-dfe1-416c-b5c6-f9ebc19ea810
35,Tame Impala,260,https://www.last.fm/music/Tame+Impala,63aa26c3-d59b-4da4-84ac-716b54f1ef4d
36,The Smashing Pumpkins,256,https://www.last.fm/music/The+Smashing+Pumpkins,ba0d6274-db14-4ef5-b28d-657ebde1a396
37,Elvis Presley,248,https://www.last.fm/music/Elvis+Presley,01809552-4f87-45b0-afff-2c6f0730a3be
38,Ilegales,236,https://www.last.fm/music/Ilegales,42b39a3b-e829-4cd4-a775-7070c74f0b3e
39,The Cure,226,https://www.last.fm/music/The+Cure,69ee3720-a7cb-4402-b48d-a02c366f2bcf
40,The Who,226,https://www.last.fm/music/The+Who,9fdaa16b-a6c4-4831-b87c-bc9ca8ce7eaa
41,Supergrass,225,https://www.last.fm/music/Supergrass,6386ddff-0d13-4685-9f0a-a82bf022fb1c
42,Nirvana,218,https://www.last.fm/music/Nirvana,
43,The Libertines,216,https://www.last.fm/music/The+Libertines,
44,The Band,204,https://www.last.fm/music/The+Band,0eecc0d9-0197-4819-93dc-83f25c8c7a14
45,Elton John,201,https://www.last.fm/music/Elton+John,b83bc61f-8451-4a5d-8b8e-7e9ed295e822
46,Rosendo,201,https://www.last.fm/music/Rosendo,4c7e8420-1ed6-4878-8b86-70bdd3ee5803
47,Manic Street Preachers,193,https://www.last.fm/music/Manic+Street+Preachers,32efea44-6cb5-4b4f-bdaa-c8b8f6cef981
48,Héroes del Silencio,189,https://www.last.fm/music/H%C3%A9roes+del+Silencio,4bb712d6-8be9-4c09-810a-eb3bed2be345
49,Joaquín Sabina,189,https://www.last.fm/music/Joaqu%C3%ADn+Sabina,a992aada-7108-455d-9747-0b7b6a089e8d
50,Jamiroquai,186,https://www.last.fm/music/Jamiroquai,f4857fb9-e255-4dc6-bd01-e4ca7cc68544
51,Michael Jackson,186,https://www.last.fm/music/Michael+Jackson,f27ec8db-af05-4f36-916e-3d57f91ecf5e
52,Motörhead,181,https://www.last.fm/music/Mot%C3%B6rhead,57961a97-3796-4bf7-9f02-a985a8979ae9
53,Buzzcocks,177,https://www.last.fm/music/Buzzcocks,31e9c35b-2675-4632-8596-f9bd9286f6c8
54,Bob Dylan,176,https://www.last.fm/music/Bob+Dylan,72c536dc-7137-4477-a521-567eeb840fa8
55,George Harrison,176,https://www.last.fm/music/George+Harrison,42a8f507-8412-4611-854f-926571049fa0
56,Sleeper,173,https://www.last.fm/music/Sleeper,
57,AC/DC,172,https://www.last.fm/music/AC%2FDC,66c662b6-6e2f-4930-8610-912e24c63ed1
58,Extremoduro,171,https://www.last.fm/music/Extremoduro,f59163ba-1a7a-4349-b0fd-fb9582ebe333
59,The Beach Boys,162,https://www.last.fm/music/The+Beach+Boys,ebfc1398-8d96-47e3-82c3-f782abcdb13d
60,Glenn Miller,160,https://www.last.fm/music/Glenn+Miller,ba26a1e4-ff39-456c-a8e3-1352ed991a1f
61,Platero y tú,160,https://www.last.fm/music/Platero+y+t%C3%BA,2b4b6e6b-3e93-4902-8047-fbe76225f794
62,Aerosmith,158,https://www.last.fm/music/Aerosmith,3d2b98e5-556f-4451-a3ff-c50ea18d57cb
63,MGMT,158,https://www.last.fm/music/MGMT,c485632c-b784-4ee9-8ea1-c5fb365681fc
64,Vangelis,157,https://www.last.fm/music/Vangelis,57fca0e2-f9ad-4ae6-af9d-6a6f50cbcd5f
65,NOFX,156,https://www.last.fm/music/NOFX,dcaa4f81-bfb7-44eb-8594-4e74f004b6e4
66,Bob Marley,155,https://www.last.fm/music/Bob+Marley,c33627c6-ef0d-49de-9ef0-c4804190040f
67,Gabinete Caligari,154,https://www.last.fm/music/Gabinete+Caligari,aa179aa4-5bfc-4814-b113-a6476fe26cbc
68,Phoenix,154,https://www.last.fm/music/Phoenix,
69,The Smiths,151,https://www.last.fm/music/The+Smiths,40f5d9e4-2de7-4f2d-ad41-e31a9a9fea27
70,Coldplay,149,https://www.last.fm/music/Coldplay,cc197bad-dc9c-440d-a5b5-d52ba2e14234
71,Iron Maiden,148,https://www.last.fm/music/Iron+Maiden,
72,The Jam,147,https://www.last.fm/music/The+Jam,5493b1c7-53f8-4156-a4ee-1eec07bc977b
73,Bruce Springsteen,144,https://www.last.fm/music/Bruce+Springsteen,70248960-cb53-4ea4-943a-edb18f7d336f
74,Red Hot Chili Peppers,140,https://www.last.fm/music/Red+Hot+Chili+Peppers,8bfac288-ccc5-448d-9573-c33ea2aa5c30
75,Prince,139,https://www.last.fm/music/Prince,070d193a-845c-479f-980e-bef15710653e
76,Los Planetas,138,https://www.last.fm/music/Los+Planetas,6f28b158-4d1a-4f31-9339-7f381e3c4ee1
77,Sidonie,138,https://www.last.fm/music/Sidonie,99849c03-4d4a-46cc-8e20-3852d0ca0746
78,Weezer,136,https://www.last.fm/music/Weezer,6fe07aa5-fec0-4eca-a456-f29bff451b04
79,The Prodigy,134,https://www.last.fm/music/The+Prodigy,4a4ee089-93b1-4470-af9a-6ff575d32704
80,Catatonia,133,https://www.last.fm/music/Catatonia,095b2041-4975-4ba3-a92e-53fa3459107f
81,Faith No More,132,https://www.last.fm/music/Faith+No+More,b15ebd71-a252-417d-9e1c-3e6863da68f8
82,R.E.M.,131,https://www.last.fm/music/R.E.M.,ea4dfa26-f633-4da6-a52a-f49ea4897b58
83,The Cardigans,129,https://www.last.fm/music/The+Cardigans,3e55d51d-687f-4a9d-af96-2fabccf802e5
84,Gladys Knight & The Pips,126,https://www.last.fm/music/Gladys+Knight+&+The+Pips,ca825016-f7fd-4ccf-a523-6ee36ea88828
85,The Verve,124,https://www.last.fm/music/The+Verve,d4d17620-fd97-4574-92a8-a2cb7e72ce42
86,Sonic Youth,122,https://www.last.fm/music/Sonic+Youth,5cbef01b-cc35-4f52-af7b-d0df0c4f61b9
87,Pavement,121,https://www.last.fm/music/Pavement,
88,Kula Shaker,120,https://www.last.fm/music/Kula+Shaker,9403a688-503e-464e-bb37-84626c57bb42
89,Muse,119,https://www.last.fm/music/Muse,9c9f1380-2516-4fc9-a3e6-f9f61941d090
90,Sex Pistols,119,https://www.last.fm/music/Sex+Pistols,e5db18cb-4b1f-496d-a308-548b611090d3
91,Madness,116,https://www.last.fm/music/Madness,
92,Radio Futura,116,https://www.last.fm/music/Radio+Futura,f7616ee5-bad8-45c9-986f-0cf47d4407df
93,Paul McCartney,115,https://www.last.fm/music/Paul+McCartney,ba550d0e-adac-4864-b88b-407cab5e76af
94,Cream,114,https://www.last.fm/music/Cream,bd0e8d27-f217-45ee-935a-7e8087a1a0cd
95,Rammstein,114,https://www.last.fm/music/Rammstein,b2d122f9-eadb-4930-a196-8f221eeb0c66
96,Daft Punk,113,https://www.last.fm/music/Daft+Punk,056e4f3e-d505-4dad-8ec1-d04f521cbb56
97,The Police,113,https://www.last.fm/music/The+Police,9e0e2b01-41db-4008-bd8b-988977d6019a
98,The Boo Radleys,110,https://www.last.fm/music/The+Boo+Radleys,1b5189d8-28fd-4c97-a04a-37c49b1ccfa6
99,T. Rex,108,https://www.last.fm/music/T.+Rex,c842d29f-a297-48cd-bb71-4f77fd672b16
100,"The Good, the Bad & the Queen",108,"https://www.last.fm/music/The+Good,+the+Bad+&+the+Queen",0f211bfc-8c69-4cb7-9165-acbe4353cb0a
101,Damon Albarn,101,https://www.last.fm/music/Damon+Albarn,7d7a5fdd-0d04-4c36-8bee-906feeae239c
102,Andrés Calamaro,98,https://www.last.fm/music/Andr%C3%A9s+Calamaro,5a092e7c-faa9-45d0-88c6-052205804e6c
103,Los Rodríguez,97,https://www.last.fm/music/Los+Rodr%C3%ADguez,af84ee9f-534a-4f7f-844b-188ba1c47e87
104,Franz Ferdinand,96,https://www.last.fm/music/Franz+Ferdinand,aa7a2827-f74b-473c-bd79-03d065835cf7
105,Placebo,95,https://www.last.fm/music/Placebo,
106,Moby,94,https://www.last.fm/music/Moby,8970d868-0723-483b-a75b-51088913d3d4
107,The Chemical Brothers,94,https://www.last.fm/music/The+Chemical+Brothers,1946a82a-f927-40c2-8235-38d64f50d043
108,Bauhaus,92,https://www.last.fm/music/Bauhaus,
109,Kiss,92,https://www.last.fm/music/Kiss,e1f1e33e-2e4c-4d43-b91b-7064068d3283
110,Blondie,91,https://www.last.fm/music/Blondie,4d2956d1-a3f7-44bb-9a41-67563e1a0c94
111,Smash Mouth,90,https://www.last.fm/music/Smash+Mouth,944e1036-8a03-4611-8aa0-31515a05c848
112,Arcade Fire,88,https://www.last.fm/music/Arcade+Fire,52074ba6-e495-4ef3-9bb4-0703888a9f68
113,The Strokes,88,https://www.last.fm/music/The+Strokes,f181961b-20f7-459e-89de-920ef03c7ed0
114,U2,88,https://www.last.fm/music/U2,a3cb23fc-acd3-4ce0-8f36-1e5aa6a18432
115,Green Day,86,https://www.last.fm/music/Green+Day,084308bd-1654-436f-ba03-df6697104e19
116,Megadeth,86,https://www.last.fm/music/Megadeth,a9044915-8be3-4c7e-b11f-9e2d2ea0a91e
117,Steppenwolf,86,https://www.last.fm/music/Steppenwolf,12ff8858-bfcb-4812-a8dd-7e9debf0cbee
118,Arctic Monkeys,85,https://www.last.fm/music/Arctic+Monkeys,ada7a83c-e3e1-40f1-93f9-3e73dbc9298a
119,Freddie Mercury,85,https://www.last.fm/music/Freddie+Mercury,022589ac-7177-460d-a178-9976cf70e29f
120,Ocean Colour Scene,85,https://www.last.fm/music/Ocean+Colour+Scene,601d793d-7e96-4bb6-b4a6-712d5c926259
121,Celtas Cortos,84,https://www.last.fm/music/Celtas+Cortos,e41b4871-a98d-494a-8cea-b9ba1a3ade1b
122,Duran Duran,84,https://www.last.fm/music/Duran+Duran,1a1cd7f3-e5df-4eca-bae2-2757c9e656b5
123,The WAEVE,80,https://www.last.fm/music/The+WAEVE,e6e16ae8-4867-49f4-a877-30ade1ba58cd
124,Deep Purple,79,https://www.last.fm/music/Deep+Purple,79491354-3d83-40e3-9d8e-7592d58d790a
125,Jerry Lee Lewis,79,https://www.last.fm/music/Jerry+Lee+Lewis,b59ac58d-036e-4bba-8112-c32a34c4575b
126,Teenage Fanclub,79,https://www.last.fm/music/Teenage+Fanclub,e6f8912b-7df9-4aae-b551-2cd03dc29588
127,Los Suaves,78,https://www.last.fm/music/Los+Suaves,69747c42-016c-4705-9a9c-a411cd859b46
128,Massive Attack,78,https://www.last.fm/music/Massive+Attack,10adbe5e-a2c0-4bf3-8249-2b4cbf6e6ca8
129,Luis Eduardo Aute,77,https://www.last.fm/music/Luis+Eduardo+Aute,35542d25-c761-49fa-a402-f752c5789517
130,ZZ Top,77,https://www.last.fm/music/ZZ+Top,a81259a0-a2f5-464b-866e-71220f2739f1
131,Soulwax,76,https://www.last.fm/music/Soulwax,68ec1b08-3c2e-40b3-b0af-8f323743fdff
132,The Jesus and Mary Chain,76,https://www.last.fm/music/The+Jesus+and+Mary+Chain,e938a15c-b17e-4e7a-9f68-ff0d536cab44
133,Echobelly,75,https://www.last.fm/music/Echobelly,9a1e8414-d32a-4058-bab0-c1b36934d39e
134,Ash,72,https://www.last.fm/music/Ash,
135,Jarvis Cocker,71,https://www.last.fm/music/Jarvis+Cocker,38550441-d437-4aff-867e-e79bf0c04142
136,The Mamas & the Papas,71,https://www.last.fm/music/The+Mamas+&+the+Papas,ff294730-0315-440d-a543-54005779c15b
137,Dinosaur Jr.,70,https://www.last.fm/music/Dinosaur+Jr.,77c167d2-4965-4421-830a-9815e4956475
138,Elastica,69,https://www.last.fm/music/Elastica,6a443e55-9dfa-4ab7-a042-8f8fde7727a0
139,Leño,68,https://www.last.fm/music/Le%C3%B1o,42941f4b-d3ea-4d78-a5af-2be59bc2acd6
140,Pearl Jam,68,https://www.last.fm/music/Pearl+Jam,83b9cbe7-9857-49e2-ab8e-b57b01038103
141,Joy Division,67,https://www.last.fm/music/Joy+Division,9a58fda3-f4ed-4080-a3a5-f457aac9fcdd
142,Metallica,67,https://www.last.fm/music/Metallica,65f4f0c5-ef9e-490c-aee3-909e7ae6b2ab
143,The Killers,67,https://www.last.fm/music/The+Killers,95e1ead9-4d31-4808-a7ac-32c3614c116b
144,Lynyrd Skynyrd,66,https://www.last.fm/music/Lynyrd+Skynyrd,c544ed4d-2390-4442-a83e-1ea2883b09c8
145,The Divine Comedy,65,https://www.last.fm/music/The+Divine+Comedy,49c4378b-3c36-4c5a-8999-8d936e74f39b
146,Misfits,64,https://www.last.fm/music/Misfits,936addc3-91aa-49de-8ec0-0dc186de151f
147,Elvis Costello,63,https://www.last.fm/music/Elvis+Costello,8a338e06-d182-46f2-bd16-30a09bc840ba
148,my bloody valentine,63,https://www.last.fm/music/my+bloody+valentine,8ca01f46-53ac-4af2-8516-55a909c0905e
149,Nick Cave & the Bad Seeds,62,https://www.last.fm/music/Nick+Cave+&+the+Bad+Seeds,172e1f1a-504d-4488-b053-6344ba63e6d0
150,The La's,62,https://www.last.fm/music/The+La%27s,ff3e88b3-7354-4f30-967c-1a61ebc8c642
151,Iggy Pop,61,https://www.last.fm/music/Iggy+Pop,f37b3f31-b1f8-4b88-8cb5-b34f709b17d7
152,Kraftwerk,61,https://www.last.fm/music/Kraftwerk,5700dcd4-c139-4f31-aa3e-6382b9af9032
153,Syd Barrett,61,https://www.last.fm/music/Syd+Barrett,12327d75-47d5-45d9-84c2-3760b9210c17
154,The Velvet Underground,61,https://www.last.fm/music/The+Velvet+Underground,94b0fb9d-a066-4823-b2ec-af1d324bcfcf
155,Barón Rojo,59,https://www.last.fm/music/Bar%C3%B3n+Rojo,fae59483-47cf-4499-aa30-f07c120983dd
156,Guns N' Roses,59,https://www.last.fm/music/Guns+N%27+Roses,eeb1195b-f213-4ce1-b28c-8565211f8e43
157,New Order,59,https://www.last.fm/music/New+Order,f1106b17-dcbb-45f6-b938-199ccfab50cc
158,Scorpions,59,https://www.last.fm/music/Scorpions,c3cceeed-3332-4cf0-8c4c-bbde425147b6
159,The Stone Roses,59,https://www.last.fm/music/The+Stone+Roses,b5fa29f1-6c22-4321-a488-b5f363b06b06
160,Space,58,https://www.last.fm/music/Space,
161,Stereolab,58,https://www.last.fm/music/Stereolab,f1df0431-9250-4ec8-95d8-f19ce7cf7fb6
162,Van Halen,58,https://www.last.fm/music/Van+Halen,b665b768-0d83-4363-950c-31ed39317c15
163,Garbage,57,https://www.last.fm/music/Garbage,f9ef7a22-4262-4596-a2a8-1d19345b8e50
164,Klaxons,57,https://www.last.fm/music/Klaxons,63011a8d-0117-4f7e-9991-1ef1f337ff70
165,Superstate,57,https://www.last.fm/music/Superstate,
166,The White Stripes,57,https://www.last.fm/music/The+White+Stripes,11ae9fbb-f3d7-4a47-936f-4c0a04d3b3b5
167,Def con Dos,55,https://www.last.fm/music/Def+con+Dos,677002d6-385c-4c8a-8dc5-9d68d514a32f
168,Echo & the Bunnymen,55,https://www.last.fm/music/Echo+&+the+Bunnymen,ccd4879c-5e88-4385-b131-bf65296bf245
169,Manu Chao,55,https://www.last.fm/music/Manu+Chao,7570a0dd-5a67-401b-b19a-261eee01a284
170,The Specials,55,https://www.last.fm/music/The+Specials,07eb40a2-2914-439c-a01d-15a685b84ddf
171,Siniestro Total,53,https://www.last.fm/music/Siniestro+Total,d320be5e-ba25-4113-8b22-5c64ab87fcd2
172,Siouxsie and the Banshees,53,https://www.last.fm/music/Siouxsie+and+the+Banshees,78ea5ea1-3c4d-4b7e-ac5d-68900319ebe2
173,Depeche Mode,52,https://www.last.fm/music/Depeche+Mode,8538e728-ca0b-4321-b7e5-cff6565dd4c0
174,Jefferson Airplane,52,https://www.last.fm/music/Jefferson+Airplane,39c2a93d-9afa-4a22-9bba-c087ab056e1c
175,The Horrors,52,https://www.last.fm/music/The+Horrors,
176,The Offspring,52,https://www.last.fm/music/The+Offspring,23a03e33-a603-404e-bcbf-2c00159d7067
177,Dire Straits,51,https://www.last.fm/music/Dire+Straits,614e3804-7d34-41ba-857f-811bad7c2b7a
178,Noel Gallagher,51,https://www.last.fm/music/Noel+Gallagher,6493ed80-8b44-49fa-91de-e7b0a0b57d6d
179,The Hives,51,https://www.last.fm/music/The+Hives,487bfd74-71bf-46dd-b89c-80b7a0f06f2f
180,Buddy Holly,49,https://www.last.fm/music/Buddy+Holly,d352f5dd-3023-4565-a7bb-52396bf8821d
181,Queens of the Stone Age,49,https://www.last.fm/music/Queens+of+the+Stone+Age,7dc8f5bd-9d0b-4087-9f73-dc164950bbd8
182,Jaime Urrutia,48,https://www.last.fm/music/Jaime+Urrutia,fce05c7c-af64-4a28-b8e3-da0a5e9c5839
183,Mötley Crüe,48,https://www.last.fm/music/M%C3%B6tley+Cr%C3%BCe,26f07661-e115-471d-a930-206f5c89d17c
184,Burning,47,https://www.last.fm/music/Burning,71992e0c-8e7a-44e3-b66a-9c0a6c281241
185,Eskorbuto,47,https://www.last.fm/music/Eskorbuto,fd7432e5-2ec0-4197-a38e-cfc26ef2789c
186,Janis Joplin,47,https://www.last.fm/music/Janis+Joplin,76c9a186-75bd-436a-85c0-823e3efddb7f
187,Elbow,46,https://www.last.fm/music/Elbow,3cb3928a-526c-4a3d-93c5-53315fa9bde0
188,Mike Oldfield,46,https://www.last.fm/music/Mike+Oldfield,a1684a49-feaa-4150-b758-d9412fc59f12
189,Enrique Bunbury,45,https://www.last.fm/music/Enrique+Bunbury,
190,Marvin Gaye,45,https://www.last.fm/music/Marvin+Gaye,afdb7919-059d-43c1-b668-ba1d265e7e42
191,Rage Against the Machine,45,https://www.last.fm/music/Rage+Against+the+Machine,3798b104-01cb-484c-a3b0-56adc6399b80
192,Beck,44,https://www.last.fm/music/Beck,
193,Miles Davis,44,https://www.last.fm/music/Miles+Davis,561d854a-6a28-4aa7-8c99-323e6ce46c2a
194,Otis Redding,44,https://www.last.fm/music/Otis+Redding,82b1f5fd-cd31-41a9-b5d4-7e33f0eb9751
195,Portishead,44,https://www.last.fm/music/Portishead,8f6bd1e4-fbe1-4f50-aa9b-94c450ec0f11
196,Camilo Sesto,43,https://www.last.fm/music/Camilo+Sesto,138fe36a-0888-40d2-9390-3d9be0d74f07
197,Primal Scream,43,https://www.last.fm/music/Primal+Scream,55704c38-224f-4b75-b29f-d43653f8bc9a
198,Giorgio Moroder,42,https://www.last.fm/music/Giorgio+Moroder,38dd6337-19ae-4793-ab4b-313eff523457
199,Loquillo y Trogloditas,42,https://www.last.fm/music/Loquillo+y+Trogloditas,
200,Mansun,42,https://www.last.fm/music/Mansun,a8be3422-d905-42c9-90b6-90ee45e3e938
201,The Charlatans,42,https://www.last.fm/music/The+Charlatans,
202,Player,41,https://www.last.fm/music/Player,7ad4ef1c-4f82-4755-a74b-94cd3096d221
203,Fleetwood Mac,40,https://www.last.fm/music/Fleetwood+Mac,bd13909f-1c29-4c27-a874-d4aaf27c5b1a
204,George Michael,40,https://www.last.fm/music/George+Michael,ccb8f30e-4d71-40c4-8b1d-846dafe73e2c
205,Gilbert O'Sullivan,40,https://www.last.fm/music/Gilbert+O%27Sullivan,215394ba-3d0c-4b57-b284-ec5bb4a5ad25
206,Jimi Hendrix,40,https://www.last.fm/music/Jimi+Hendrix,06fb1c8b-566e-4cb2-985b-b467c90781d4
207,No Doubt,40,https://www.last.fm/music/No+Doubt,fbd2a255-1d57-4d31-ac11-65b671c19958
208,The Cramps,40,https://www.last.fm/music/The+Cramps,96c1edac-1011-4cb8-882c-27248de35071
209,dEUS,39,https://www.last.fm/music/dEUS,f675495f-554e-4919-9675-b3f5bd0b0450
210,Jethro Tull,39,https://www.last.fm/music/Jethro+Tull,ece57992-dc2e-4f67-a269-fa43626c1a3d
211,Little Richard,39,https://www.last.fm/music/Little+Richard,95c2339b-8277-49a6-9aaf-08d8eeeaa0be
212,Tahiti 80,39,https://www.last.fm/music/Tahiti+80,cbdbfa40-a839-4fa2-a5e1-dbd6e84fe1fd
213,Björk,38,https://www.last.fm/music/Bj%C3%B6rk,87c5dedd-371d-4a53-9f7f-80522fb7f3cb
214,Dream Theater,38,https://www.last.fm/music/Dream+Theater,28503ab7-8bf2-4666-a7bd-2644bfc7cb1d
215,Miles Kane,38,https://www.last.fm/music/Miles+Kane,26afaedd-e99c-45b2-b7f9-6c4c2b33d90c
216,Barricada,37,https://www.last.fm/music/Barricada,8fe43356-6902-4311-a80c-f221bfcf3efb
217,Kings of Leon,37,https://www.last.fm/music/Kings+of+Leon,6ffb8ea9-2370-44d8-b678-e9237bbd347b
218,Richard Ashcroft,37,https://www.last.fm/music/Richard+Ashcroft,2d1d8985-47bc-4244-8cc3-577584e411f6
219,Alice in Chains,36,https://www.last.fm/music/Alice+in+Chains,4bd95eea-b9f6-4d70-a36c-cfea77431553
220,Public Image Ltd.,36,https://www.last.fm/music/Public+Image+Ltd.,
221,The Pretenders,36,https://www.last.fm/music/The+Pretenders,75ffaf7d-46ee-4794-a405-9ec20c0c1696
222,The Vines,36,https://www.last.fm/music/The+Vines,
223,Joe Satriani,35,https://www.last.fm/music/Joe+Satriani,29762c82-bb92-4acd-b1fb-09cc4da250d2
224,Kasabian,35,https://www.last.fm/music/Kasabian,69b39eab-6577-46a4-a9f5-817839092033
225,Patti Smith,35,https://www.last.fm/music/Patti+Smith,d135874d-9cae-4fef-97e3-36acbd9f5a26
226,Sigur Rós,35,https://www.last.fm/music/Sigur+R%C3%B3s,f6f2326f-6b25-4170-b89d-e235b25508e8
227,Van Morrison,35,https://www.last.fm/music/Van+Morrison,a41ac10f-0a56-4672-9161-b83f9b223559
228,Édith Piaf,34,https://www.last.fm/music/%C3%89dith+Piaf,4f8ef4a3-40fa-46b5-8773-97686a8424f4
229,Estopa,34,https://www.last.fm/music/Estopa,49fc7e46-5441-4b7e-996a-12dddf22a632
230,Hamlet,34,https://www.last.fm/music/Hamlet,7c42a72d-5838-4397-b751-70b007585b73
231,Inspiral Carpets,34,https://www.last.fm/music/Inspiral+Carpets,03c2e506-e8bb-4bd6-9693-5aa97c8eea1c
232,Kaiser Chiefs,34,https://www.last.fm/music/Kaiser+Chiefs,90218af4-4d58-4821-8d41-2ee295ebbe21
233,Los Piratas,34,https://www.last.fm/music/Los+Piratas,e1283576-51be-498c-ae30-b0c1506e4bd8
234,Righeira,34,https://www.last.fm/music/Righeira,3e2f3190-45a4-480a-8ab5-61308c002fb2
235,Café Quijano,33,https://www.last.fm/music/Caf%C3%A9+Quijano,227f3e04-feb2-4741-b73f-70e266d32bf0
236,El Último de la Fila,33,https://www.last.fm/music/El+%C3%9Altimo+de+la+Fila,a8b6eecf-1bad-465e-a806-4179c4e436e6
237,La Polla Records,33,https://www.last.fm/music/La+Polla+Records,cd3f2331-160b-4ed3-9f2d-f0c54fcc1c63
238,Robbie Williams,33,https://www.last.fm/music/Robbie+Williams,db4624cf-0e44-481e-a9dc-2142b833ec2f
239,Tool,33,https://www.last.fm/music/Tool,66fc5bf8-daa4-4241-b378-9bc9077939d2
240,Alice Cooper,32,https://www.last.fm/music/Alice+Cooper,ee58c59f-8e7f-4430-b8ca-236c4d3745ae
241,Foals,32,https://www.last.fm/music/Foals,6a65d878-fcd0-42cf-aff9-ca1d636a8bcc
242,Foo Fighters,32,https://www.last.fm/music/Foo+Fighters,67f66c07-6e61-4026-ade5-7e782fad3a5d
243,New York Dolls,32,https://www.last.fm/music/New+York+Dolls,1b96b9c9-0832-40cb-9f8d-7274de3733fc
244,Pantera,32,https://www.last.fm/music/Pantera,541f16f5-ad7a-428e-af89-9fa1b16d3c9c
245,Roxy Music,32,https://www.last.fm/music/Roxy+Music,331ce348-1b08-40b9-8ed7-0763b92bd003
246,Billy Idol,31,https://www.last.fm/music/Billy+Idol,47c8f88b-987a-4b64-9175-2b1b57809727
247,Decibelios,31,https://www.last.fm/music/Decibelios,067e7276-7267-4051-9585-f4158ae7ab3f
248,Dirty Pretty Things,31,https://www.last.fm/music/Dirty+Pretty+Things,648615ca-ca74-460d-928a-2bae67ae6d14
249,Jane's Addiction,31,https://www.last.fm/music/Jane%27s+Addiction,e3434cc7-d348-491a-9dc8-325af3d9086d
250,Jeff Buckley,31,https://www.last.fm/music/Jeff+Buckley,e6e879c0-3d56-4f12-b3c5-3ce459661a8e
251,Wings,31,https://www.last.fm/music/Wings,212ce99e-bfdc-4bd2-a3d9-d44de2ec2679
252,Dave Rowntree,30,https://www.last.fm/music/Dave+Rowntree,6fca9aa3-8e72-40c0-bac9-7c4b73c9786e
253,Joe Cocker,30,https://www.last.fm/music/Joe+Cocker,32f2d6bd-c22b-42cf-a7bc-0c4b48cd2bcb
254,Los Toreros Muertos,30,https://www.last.fm/music/Los+Toreros+Muertos,49608d4c-f37b-4048-a865-de391a72083b
255,Molotov,30,https://www.last.fm/music/Molotov,4f8916d6-a7d2-43e9-96b6-ce3168c39c84
256,Chet Baker,29,https://www.last.fm/music/Chet+Baker,1ba1d493-7114-45e2-b163-a36d49a0c065
257,Clawfinger,29,https://www.last.fm/music/Clawfinger,f16d25c6-556f-42f9-b648-5f48a8f96ec2
258,Nino Bravo,29,https://www.last.fm/music/Nino+Bravo,2b5e746c-f565-4a29-9fae-ed1d914e9070
259,Interpol,28,https://www.last.fm/music/Interpol,
260,The Coral,28,https://www.last.fm/music/The+Coral,3b1c66fb-98ad-417f-b01e-49baf37f06a3
261,The Cranberries,28,https://www.last.fm/music/The+Cranberries,c98d40fd-f6cf-4b26-883e-eaa515ee2851
262,Bad Religion,27,https://www.last.fm/music/Bad+Religion,149e6720-4e4a-41a4-afca-6d29083fc091
263,Hard-Fi,27,https://www.last.fm/music/Hard-Fi,
264,Rocket Juice & The Moon,26,https://www.last.fm/music/Rocket+Juice+&+The+Moon,
265,Small Faces,26,https://www.last.fm/music/Small+Faces,7771a68c-ef6a-400f-978d-64050d45a54c
266,Wu-Tang Clan,26,https://www.last.fm/music/Wu-Tang+Clan,
267,Australian Blonde,25,https://www.last.fm/music/Australian+Blonde,f8569f1a-ee2c-4d6d-b6b7-47f7156fc06c
268,De La Soul,25,https://www.last.fm/music/De+La+Soul,a8ebde98-7e91-46c7-992c-90039ba42017
269,Incubus,25,https://www.last.fm/music/Incubus,
270,Nine Inch Nails,25,https://www.last.fm/music/Nine+Inch+Nails,b7ffd2af-418f-4be2-bdd1-22f8b48613da
271,Parálisis Permanente,25,https://www.last.fm/music/Par%C3%A1lisis+Permanente,8b4d7237-5ec8-4201-a702-4b95819d3890
272,Television,25,https://www.last.fm/music/Television,490bde43-5edb-4a93-b3b3-7a0465fd8909
273,The Flaming Lips,25,https://www.last.fm/music/The+Flaming+Lips,1f43d76f-8edf-44f6-aaf1-b65f05ad9402
274,Yes,25,https://www.last.fm/music/Yes,8353f93f-163e-48c2-bb75-9f18987a3d46
275,Anthrax,24,https://www.last.fm/music/Anthrax,
276,Belle and Sebastian,24,https://www.last.fm/music/Belle+and+Sebastian,e5c7b94f-e264-473c-bb0f-37c85d4d5c70
277,PJ Harvey,24,https://www.last.fm/music/PJ+Harvey,e795e03d-b5d5-4a5f-834d-162cfb308a2c
278,Saint Etienne,24,https://www.last.fm/music/Saint+Etienne,3997d4a6-c2bd-4191-8406-eb07f0abb5d2
279,Temples,24,https://www.last.fm/music/Temples,1916fc94-bf9c-4ba2-90b0-22ebb5444d57
280,Tricky,24,https://www.last.fm/music/Tricky,5bf64d94-efd9-4334-96fd-e6197b0b02b8
281,Yeah Yeah Yeahs,24,https://www.last.fm/music/Yeah+Yeah+Yeahs,584c04d2-4acc-491b-8a0a-e63133f4bfc4
282,Crowded House,23,https://www.last.fm/music/Crowded+House,9854d99f-d954-4c0f-9ae5-58a0cdd885f5
283,The Delgados,23,https://www.last.fm/music/The+Delgados,d629843e-d2b9-4665-a203-19f9c7f811ef
284,Travis,23,https://www.last.fm/music/Travis,
285,Eric Clapton,22,https://www.last.fm/music/Eric+Clapton,618b6900-0618-4f1e-b835-bccb17f84294
286,Genesis,22,https://www.last.fm/music/Genesis,
287,Korn,22,https://www.last.fm/music/Korn,ac865b2e-bba8-4f5a-8756-dd40d5e39f46
288,Neil Young,22,https://www.last.fm/music/Neil+Young,75167b8b-44e4-407b-9d35-effe87b223cf
289,Ride,22,https://www.last.fm/music/Ride,3f575ecd-627d-4f08-a89f-abd46d469c7e
290,Rory Gallagher,21,https://www.last.fm/music/Rory+Gallagher,
291,Slayer,21,https://www.last.fm/music/Slayer,bdacc37b-8633-4bf8-9dd5-4662ee651aec
292,Cicatriz,20,https://www.last.fm/music/Cicatriz,c5e7b4c8-d568-4e58-adb7-53e4b495c37e
293,Grateful Dead,20,https://www.last.fm/music/Grateful+Dead,6faa7ca7-0d99-4a5e-bfa6-1fd5037520c6
294,Spandau Ballet,20,https://www.last.fm/music/Spandau+Ballet,4c0d9acf-a8a1-4765-9c56-05f92f68c048
295,Frank Zappa,19,https://www.last.fm/music/Frank+Zappa,e20747e7-55a4-452e-8766-7b985585082d
296,Leonard Cohen,19,https://www.last.fm/music/Leonard+Cohen,65314b12-0e08-43fa-ba33-baaa7b874c15
297,King Crimson,18,https://www.last.fm/music/King+Crimson,b38225b8-8e5f-42aa-bcdc-7bae5b5bdab3
298,Robbie Dupree,18,https://www.last.fm/music/Robbie+Dupree,4981fd19-16b6-4393-ae72-3f6e427ed677
299,Soundgarden,18,https://www.last.fm/music/Soundgarden,153c9281-268f-4cf3-8938-f5a4593e5df4
300,Vampire Weekend,18,https://www.last.fm/music/Vampire+Weekend,af37c51c-0790-4a29-b995-456f98a6b8c9
301,Wilco,18,https://www.last.fm/music/Wilco,9e53f84d-ef44-4c16-9677-5fd4d78cbd7d
302,Adriano Celentano,17,https://www.last.fm/music/Adriano+Celentano,d2b50525-1111-4906-aab6-4553f035f679
303,El Club de los Poetas Violentos,17,https://www.last.fm/music/El+Club+de+los+Poetas+Violentos,aef2fa36-6ab2-46d7-a65b-daf16d5d25e6
304,Reincidentes,17,https://www.last.fm/music/Reincidentes,47a40555-4df7-41f5-a4a5-6033b198a3e3
305,Cat Stevens,16,https://www.last.fm/music/Cat+Stevens,e2345fdf-2be7-47c5-a6dd-be64353ad134
306,Fatboy Slim,16,https://www.last.fm/music/Fatboy+Slim,34c63966-445c-4613-afe1-4f0e1e53ae9a
307,Glasvegas,16,https://www.last.fm/music/Glasvegas,da785f6e-86e2-4efa-aca6-6c3cbd15d91c
308,Johnny Cash,16,https://www.last.fm/music/Johnny+Cash,d43d12a1-2dc9-4257-a2fd-0a3bb1081b86
309,Limp Bizkit,16,https://www.last.fm/music/Limp+Bizkit,8f9d6bb2-dba4-4cca-9967-cc02b9f4820c
310,Rancid,16,https://www.last.fm/music/Rancid,24f8d8a5-269b-475c-a1cb-792990b0b2ee
311,Beastie Boys,15,https://www.last.fm/music/Beastie+Boys,9beb62b2-88db-4cea-801e-162cd344ee53
312,Terrorvision,15,https://www.last.fm/music/Terrorvision,d2038f68-9325-42d3-a06c-5198aac24752
313,The Stooges,15,https://www.last.fm/music/The+Stooges,794c6bf2-3241-416f-9b8f-24e2d84a1c4b
314,Boikot,14,https://www.last.fm/music/Boikot,e8c70743-2890-402b-bc49-539b609a33bb
315,La Habitación Roja,14,https://www.last.fm/music/La+Habitaci%C3%B3n+Roja,371a92b1-11a6-477b-afb1-9beb11d29550
316,Morcheeba,14,https://www.last.fm/music/Morcheeba,067102ea-9519-4622-9077-57ca4164cfbb
317,Babyshambles,13,https://www.last.fm/music/Babyshambles,8e1e03fe-ebbc-467a-b541-857144db10fb
318,Beady Eye,13,https://www.last.fm/music/Beady+Eye,a0e10984-0eca-4920-a171-5fd7a62ee069
319,Death Cab for Cutie,13,https://www.last.fm/music/Death+Cab+for+Cutie,0039c7ae-e1a7-4a7d-9b49-0cbc716821a6
320,Def Leppard,13,https://www.last.fm/music/Def+Leppard,7249b899-8db8-43e7-9e6e-22f1e736024e
321,Jarabe de Palo,13,https://www.last.fm/music/Jarabe+de+Palo,38b511a2-76fa-4a1e-9b7a-e2a6efa6399b
322,Lush,13,https://www.last.fm/music/Lush,
323,Madonna,13,https://www.last.fm/music/Madonna,79239441-bfd5-4981-a70c-55c3f15c1287
324,Texas,13,https://www.last.fm/music/Texas,7289d10d-d8d2-41ff-8308-c56ec9346e07
325,Thom Yorke,13,https://www.last.fm/music/Thom+Yorke,8ed2e0b3-aa4c-4e13-bec3-dc7393ed4d6b
326,Bill Evans,12,https://www.last.fm/music/Bill+Evans,
327,Moloko,12,https://www.last.fm/music/Moloko,2f94016a-3880-4d8c-9af9-0e197ee77189
328,Talk Talk,12,https://www.last.fm/music/Talk+Talk,a74f43e4-50c4-4b19-a2ce-c05ce9bccb03
329,Al Green,11,https://www.last.fm/music/Al+Green,fb7272ba-f130-4f0a-934d-6eeea4c18c9a
330,Barry White,11,https://www.last.fm/music/Barry+White,b904d624-9e05-4398-8f4f-88fbcf022f79
331,Carlos Berlanga,11,https://www.last.fm/music/Carlos+Berlanga,a65eea73-f2a8-4964-aba3-d0ee5edf2028
332,Deftones,11,https://www.last.fm/music/Deftones,7527f6c2-d762-4b88-b5e2-9244f1e34c46
333,Hole,11,https://www.last.fm/music/Hole,
334,Johnny Marr,11,https://www.last.fm/music/Johnny+Marr,ff621094-2a76-401f-8398-b75b5fd2be24
335,King Diamond,11,https://www.last.fm/music/King+Diamond,00565b31-14a3-4913-bd22-385eb40dd13c
336,Obus,11,https://www.last.fm/music/Obus,
337,Papa Roach,11,https://www.last.fm/music/Papa+Roach,c5eb9407-caeb-4303-b383-6929aa94021c
338,Rinôçérôse,11,https://www.last.fm/music/Rin%C3%B4%C3%A7%C3%A9r%C3%B4se,68179c0f-792c-407c-8b51-fc2f1b72be91
339,Stone Temple Pilots,11,https://www.last.fm/music/Stone+Temple+Pilots,8c32bb01-58a3-453b-8050-8c0620edb0e5
340,Al Stewart,10,https://www.last.fm/music/Al+Stewart,47a27727-4e8c-4c77-8532-ae94ccd37c68
341,Alaska y Dinarama,10,https://www.last.fm/music/Alaska+y+Dinarama,32e5def8-6668-4459-bf21-643c0bde0de8
342,Andy Gibb,10,https://www.last.fm/music/Andy+Gibb,f1d174fc-6bd9-41fe-b4c8-972ab578fb5c
343,The Fratellis,10,https://www.last.fm/music/The+Fratellis,f4ad883e-9a92-45ed-a540-a49c2d1c36dd
344,The Wallflowers,10,https://www.last.fm/music/The+Wallflowers,d9c90718-d54d-4ccf-a92e-37a5415ce299
345,Blind Guardian,9,https://www.last.fm/music/Blind+Guardian,7fa7fc04-1011-4876-8095-ecd232edea87
346,Chic,9,https://www.last.fm/music/Chic,a4ed036b-5f18-439c-b1e1-96d205bab255
347,David Shire,9,https://www.last.fm/music/David+Shire,b2283bca-ced1-4856-9cc6-a94b271062f5
348,Derribos Arias,9,https://www.last.fm/music/Derribos+Arias,99e62a7d-6ad2-41e5-af11-863fce599d91
349,Frankie Valli,9,https://www.last.fm/music/Frankie+Valli,3c714102-94d8-42f4-9005-fb8a75c2766d
350,Golpes Bajos,9,https://www.last.fm/music/Golpes+Bajos,e426b3ad-8b2a-4641-8035-c46a100eeaed
351,Los Coronas,9,https://www.last.fm/music/Los+Coronas,420a794b-2454-4230-bccb-6ef4b3043df5
352,Mecano,9,https://www.last.fm/music/Mecano,
353,Sylvester,9,https://www.last.fm/music/Sylvester,4d3b710b-a5f0-4772-97db-f09e47fbc6d8
354,The O'Jays,9,https://www.last.fm/music/The+O%27Jays,8153c6ef-026c-481f-b081-974f2c948d9f
355,Tom Jones,9,https://www.last.fm/music/Tom+Jones,57c6f649-6cde-48a7-8114-2a200247601a
356,Yann Tiersen,9,https://www.last.fm/music/Yann+Tiersen,12d432a3-feb0-49b1-a107-d20751880764
357,Black Harmony,8,https://www.last.fm/music/Black+Harmony,
358,The Yardbirds,8,https://www.last.fm/music/The+Yardbirds,191de76f-a224-445d-b041-54df16d65bf7
359,John Travolta,7,https://www.last.fm/music/John+Travolta,94f4c61e-5cf3-4cba-ab3e-9bd5be99f6ab
360,The Doobie Brothers,7,https://www.last.fm/music/The+Doobie+Brothers,588dea29-eea3-456b-a815-3ee04f75c8e7
361,Violadores del Verso,7,https://www.last.fm/music/Violadores+del+Verso,43706fe2-bf24-4b1b-8d0b-28f8439b3d55
362,Sha Na Na,6,https://www.last.fm/music/Sha+Na+Na,86aa8b2d-be7e-489c-a1b7-80e814fb6815
363,Sid Vicious,6,https://www.last.fm/music/Sid+Vicious,637504e3-be95-4005-83ee-3ebb91f9fcf9
364,The Trammps,6,https://www.last.fm/music/The+Trammps,8799413d-7df8-4eb9-8542-af8cea6b0feb
365,Dick Dale,5,https://www.last.fm/music/Dick+Dale,cc6115aa-379c-4133-9f46-5743a4a341d0
366,João Gilberto,5,https://www.last.fm/music/Jo%C3%A3o+Gilberto,286ec4c2-b5ca-4f85-b331-280a6d73dd14
367,Kool & the Gang,5,https://www.last.fm/music/Kool+&+the+Gang,2469950a-f0ca-425a-bfbc-baf55ea3afde
368,Mika,5,https://www.last.fm/music/Mika,
369,New Radicals,5,https://www.last.fm/music/New+Radicals,09a6ae88-7589-4ab2-b10c-dd50ebd526a0
370,Obús,5,https://www.last.fm/music/Ob%C3%BAs,6de071b1-e801-4ef6-926a-ebb8e9eea0b8
371,Sylvia Telles,5,https://www.last.fm/music/Sylvia+Telles,3808f065-7214-4a9d-a97b-16873cdd4442
372,The Byrds,5,https://www.last.fm/music/The+Byrds,2819834e-4e08-47b0-a2c4-b7672318e8f0
373,Ariel Rot,4,https://www.last.fm/music/Ariel+Rot,86c4c7dd-5289-4c49-aee2-28318a70984b
374,B.J. Thomas,4,https://www.last.fm/music/B.J.+Thomas,42a19448-ff60-4fd2-9d10-959bf2000729
375,Eminem,4,https://www.last.fm/music/Eminem,b95ce3ff-3d05-4e87-9e01-c97b66af13d4
376,José Luis Perales,4,https://www.last.fm/music/Jos%C3%A9+Luis+Perales,86845ceb-170e-4bc2-9006-cb360867d04b
377,Les Paul & Mary Ford,4,https://www.last.fm/music/Les+Paul+&+Mary+Ford,7ee21fe4-f337-4a74-aebf-a69fc91809c5
378,Peor Impossible,4,https://www.last.fm/music/Peor+Impossible,db96ef6a-186b-4cbd-8a92-07ce06ea47b8
379,Simon & Garfunkel,4,https://www.last.fm/music/Simon+&+Garfunkel,5d02f264-e225-41ff-83f7-d9b1f0b1874a
380,Sleaford Mods,4,https://www.last.fm/music/Sleaford+Mods,09d8290b-6ada-422f-8ce3-19349fb1c15d
381,Cindy Bullens,3,https://www.last.fm/music/Cindy+Bullens,41780c1c-a572-410d-873f-ee74c93d3d10
382,Ennio Morricone,3,https://www.last.fm/music/Ennio+Morricone,a16e47f5-aa54-47fe-87e4-bb8af91a9fdd
383,KC and The Sunshine Band,3,https://www.last.fm/music/KC+and+The+Sunshine+Band,76a5a114-ed6a-4eb6-8a81-ad5768d4b41c
384,MFSB,3,https://www.last.fm/music/MFSB,f5e66486-4481-4ebf-b1f9-f87ebabf5897
385,Ralph MacDonald,3,https://www.last.fm/music/Ralph+MacDonald,b6be6ceb-f776-460f-a145-212fa306baa1
386,Tavares,3,https://www.last.fm/music/Tavares,08b2c88f-6c13-419b-a4f5-182cc3738e49
387,The Dandy Warhols,3,https://www.last.fm/music/The+Dandy+Warhols,5f572b31-8fd9-45ae-9beb-358c98d839df
388,The Lemonheads,3,https://www.last.fm/music/The+Lemonheads,58a53082-a629-4ff1-a44d-7492d6f6e8fb
389,The Lovin' Spoonful,3,https://www.last.fm/music/The+Lovin%27+Spoonful,abc08d4f-4e3c-4b5a-b1e8-d324cd6a2f92
390,Walter Murphy,3,https://www.last.fm/music/Walter+Murphy,c48af196-bab1-4505-9256-0922adac0fe2
391,Yvonne Elliman,3,https://www.last.fm/music/Yvonne+Elliman,62b9eb3e-c470-462d-8d63-9b6cbac13d62
392,Brothers Johnson,2,https://www.last.fm/music/Brothers+Johnson,
393,Chuck Berry,2,https://www.last.fm/music/Chuck+Berry,592a3b6d-c42b-4567-99c9-ecf63bd66499
394,JAY-Z,2,https://www.last.fm/music/JAY-Z,
395,Jim Jacobs,2,https://www.last.fm/music/Jim+Jacobs,8a776dbe-8be6-4319-9cdd-09cfbfb6a3d9
396,Lilys,2,https://www.last.fm/music/Lilys,50ad1cde-1536-4268-a55f-e47a7b8280ab
397,Los Sencillos,2,https://www.last.fm/music/Los+Sencillos,bdf0da5a-7723-4ad4-85f5-3de6b26e35b4
398,Olivia Newton-John,2,https://www.last.fm/music/Olivia+Newton-John,
399,Rick Nelson,2,https://www.last.fm/music/Rick+Nelson,0b511854-c21c-4af1-9c31-e3fc178ded61
400,Rosa Anschütz,2,https://www.last.fm/music/Rosa+Ansch%C3%BCtz,f2c61f11-9c3d-4840-ab44-9e2364f0827e
401,Stereophonics,2,https://www.last.fm/music/Stereophonics,0bfba3d3-6a04-4779-bb0a-df07df5b0558
402,The Tornadoes,2,https://www.last.fm/music/The+Tornadoes,d557c4bb-253c-4f3b-967f-b6fef3e6db37
403,A Tribe Called Quest,1,https://www.last.fm/music/A+Tribe+Called+Quest,9689aa5a-4471-4fb4-9721-07cecda0fa9f
404,Alaska y Los Pegamoides,1,https://www.last.fm/music/Alaska+y+Los+Pegamoides,d7a16aab-6822-4d14-985e-8f87a2602051
405,Alizzz,1,https://www.last.fm/music/Alizzz,a4238edc-daf9-42ed-917b-dd586f91c269
406,Aphex Twin,1,https://www.last.fm/music/Aphex+Twin,f22942a1-6f70-4f48-866e-238cb2308fbd
407,Black Grape,1,https://www.last.fm/music/Black+Grape,2f6d511c-0bcd-4926-b363-a98848f63edd
408,blink-182,1,https://www.last.fm/music/blink-182,
409,Bruce Willis,1,https://www.last.fm/music/Bruce+Willis,a60fa7b7-ec5c-4c0a-bec2-f1e2ae8eb4f3
410,Carlos Lyra,1,https://www.last.fm/music/Carlos+Lyra,2674d9a0-7647-4220-8c10-6d8d0c9677d9
411,Cornershop,1,https://www.last.fm/music/Cornershop,92046be7-0927-4835-a4ed-a90416747d53
412,Cypress Hill,1,https://www.last.fm/music/Cypress+Hill,51508c1f-8d07-4a00-9cf1-26c570fe7b78
413,Duane Whitaker,1,https://www.last.fm/music/Duane+Whitaker,
414,Dusty Springfield,1,https://www.last.fm/music/Dusty+Springfield,b896aa8c-2761-40ce-b485-0e1fffd26167
415,El Aviador Dro,1,https://www.last.fm/music/El+Aviador+Dro,c30cc8a0-2312-4332-9117-d0e6d77b4c65
416,Frankie Avalon,1,https://www.last.fm/music/Frankie+Avalon,a21c1636-c622-48b7-bf6a-d9032645aa55
417,Groove Armada,1,https://www.last.fm/music/Groove+Armada,35723b60-732e-4bd8-957f-320b416e7b7f
418,Happy Mondays,1,https://www.last.fm/music/Happy+Mondays,01f4fb92-6bf0-4de5-83dc-3fe194e763bf
419,Helloween,1,https://www.last.fm/music/Helloween,765774a0-2060-469b-8b7d-612eea48579b
420,Ian Brown,1,https://www.last.fm/music/Ian+Brown,182d5d8a-94c7-4ef4-8222-a1838353a37b
421,Justice,1,https://www.last.fm/music/Justice,
422,Kenickie,1,https://www.last.fm/music/Kenickie,74522ae6-9ddd-4a88-a821-fa5e702bfdab
423,Leftfield,1,https://www.last.fm/music/Leftfield,369fbad4-6fa4-4dae-9842-a69826cd359d
424,Link Wray & His Wraymen,1,https://www.last.fm/music/Link+Wray+&+His+Wraymen,
425,Longpigs,1,https://www.last.fm/music/Longpigs,a7378d57-a9a5-408a-80e0-a14d7203df77
426,Louis St. Louis,1,https://www.last.fm/music/Louis+St.+Louis,670f3946-cc8a-44fb-b1b8-4482f136e506
427,Marc Parrot,1,https://www.last.fm/music/Marc+Parrot,8e4daa5e-288a-45b1-8a7e-8a3556ead043
428,Maria McKee,1,https://www.last.fm/music/Maria+McKee,f8276a46-0c87-4d2f-a0d3-f22900f9cbfe
429,Marilyn Manson,1,https://www.last.fm/music/Marilyn+Manson,
430,Museum,1,https://www.last.fm/music/Museum,
431,Passion Pit,1,https://www.last.fm/music/Passion+Pit,daeec599-bf5d-4428-994a-e76ba5f86e2f
432,Paul Francis Webster,1,https://www.last.fm/music/Paul+Francis+Webster,b7d69ea7-2f72-43cf-881b-6dc142afdb48
433,Paul Weller,1,https://www.last.fm/music/Paul+Weller,c4406045-e640-4cfe-8b88-4732cce314d4
434,Pery Ribeiro,1,https://www.last.fm/music/Pery+Ribeiro,063d505c-cbdc-4db6-b8d1-02046d61a1e1
435,Samuel L. Jackson,1,https://www.last.fm/music/Samuel+L.+Jackson,a1c82f09-cc3a-4c94-a518-cba50d9bfab1
436,Spiritualized,1,https://www.last.fm/music/Spiritualized,65041e06-83d2-4987-ae52-c17a915fc82a
437,Stockard Channing,1,https://www.last.fm/music/Stockard+Channing,2e3020a2-6a5f-4011-beaa-302ee622d6a8
438,The Bluetones,1,https://www.last.fm/music/The+Bluetones,024bea6e-e250-4348-9e69-2dfcad38442e
439,The Go! Team,1,https://www.last.fm/music/The+Go!+Team,8a396a9c-2e4f-47e2-a587-c26e93a0953f
440,The Knack,1,https://www.last.fm/music/The+Knack,
441,The Lively Ones,1,https://www.last.fm/music/The+Lively+Ones,cd7b4151-2d66-441c-93dd-598817ef04f6
442,The Long Blondes,1,https://www.last.fm/music/The+Long+Blondes,3efd863f-6a5c-400a-9868-6ef533d51509
443,The Marketts,1,https://www.last.fm/music/The+Marketts,8d735fa3-9eb7-4f26-a1a1-5fb10013f84e
444,The Notorious B.I.G.,1,https://www.last.fm/music/The+Notorious+B.I.G.,d5d97b2b-b83b-4976-814a-056d9076c8c3
445,The Robins,1,https://www.last.fm/music/The+Robins,58bcaf1b-6d5c-478c-8eeb-14ea064d6531
446,The Statler Brothers,1,https://www.last.fm/music/The+Statler+Brothers,8f0c7db9-6d1c-446b-913c-b5c6811ca6fc
447,The Teardrop Explodes,1,https://www.last.fm/music/The+Teardrop+Explodes,8002d7ee-2a0e-4ea8-8984-3c69a81a4b7e
448,The Wonder Stuff,1,https://www.last.fm/music/The+Wonder+Stuff,323c9a5b-ca01-49ad-be39-046223a0c9ae
449,Underworld,1,https://www.last.fm/music/Underworld,ba2f4f3b-0293-4bc8-bb94-2f73b5207343
450,Urge Overkill,1,https://www.last.fm/music/Urge+Overkill,120e728a-4078-47b7-a31c-d581ade28bde
451,Vinícius de Moraes,1,https://www.last.fm/music/Vin%C3%ADcius+de+Moraes,
