Puesto;Disco;Artista;Scrobbles
1;Parklife;Blur;421
2;My Way the Best of Frank Sinatra;Frank Sinatra;358
3;The Doors;The Doors;345
4;The Boss;Diana Ross;333
5;Breakfast in America;Supertramp;305
6;Out of the Blue;Electric Light Orchestra;268
7;Morrison Hotel;The Doors;263
8;Modern Life Is Rubbish;Blur;262
9;Blur;Blur;259
10;British Steel;Judas Priest;254
11;The Magic Whip;Blur;246
12;Bossanova;Pixies;237
13;Diana;Diana Ross;219
14;Arthur (Or the Decline and Fall of the British Empire);The Kinks;209
15;Coney Island Baby;Lou Reed;208
16;The Blue Mask;Lou Reed;201
17;Berlin;Lou Reed;194
18;The Beatles [White Album] Disc 1;The Beatles;186
19;(What's the Story) Morning Glory?;Oasis;184
20;OK Computer;Radiohead;184
21;Bad Reputation;Thin Lizzy;184
22;Crystal Castles;Crystal Castles;178
23;Rubber Soul;The Beatles;174
24;Surfer Rosa;Pixies;173
25;Hunky Dory;David Bowie;168
26;Elvis: 30 #1 Hits;Elvis Presley;166
27;Trompe le Monde;Pixies;159
28;The Great Escape;Blur;158
29;Something Else By The Kinks;The Kinks;158
30;Songs in the Key of Life (disc 2);Stevie Wonder;148
31;Humanz;Gorillaz;147
32;Different Class;Pulp;147
33;Doolittle;Pixies;145
34;The Bells;Lou Reed;143
35;Drums and Wires;XTC;142
36;The Ballad of Darren;Blur;140
37;Smart;Sleeper;140
38;Songs in the Key of Life (disc 1);Stevie Wonder;140
39;John Lennon/Plastic Ono Band;John Lennon;137
40;A Night at the Opera;Queen;137
41;The Kinks Are the Village Green Preservation Society;The Kinks;137
42;Blade Runner;Vangelis;136
43;Children of the World;Bee Gees;135
44;Waiting for the Sun;The Doors;135
45;13;Blur;134
46;Imagine;John Lennon;133
47;The Wall;Pink Floyd;133
48;Abbey Road;The Beatles;133
49;Think Tank;Blur;132
50;International Velvet;Catatonia;131
51;Lodger;David Bowie;130
52;Bayou Country;Creedence Clearwater Revival;129
53;Music From Big Pink;The Band;128
54;Goodbye Yellow Brick Road;Elton John;127
55;Up the Bracket;The Libertines;127
56;Imagination;Gladys Knight & The Pips;126
57;This Is Hardcore;Pulp;123
58;Discovery;Electric Light Orchestra;122
59;The Dark Side of the Moon;Pink Floyd;122
60;Demon Days;Gorillaz;121
61;Nevermind;Nirvana;119
62;I Should Coco;Supergrass;119
63;The Beatles [White Album] Disc 2;The Beatles;118
64;Off the Wall;Michael Jackson;117
65;Ace of Spades;Motörhead;116
66;White Trash, Two Heebs and a Bean;NOFX;115
67;Kinks;The Kinks;114
68;Sticky Fingers;The Rolling Stones;113
69;Leisure;Blur;110
70;Low;David Bowie;110
71;Lou Reed;Lou Reed;109
72;Definitely Maybe;Oasis;108
73;Lennon Legend;John Lennon;107
74;Stained Class;Judas Priest;107
75;Killing Machine;Judas Priest;106
76;Bloodsports;Suede;105
77;Screaming for Vengeance;Judas Priest;104
78;Transformer;Lou Reed;103
79;Never Mind The Bollocks, Here's The Sex Pistols;Sex Pistols;102
80;Urban Hymns;The Verve;102
81;Green River;Creedence Clearwater Revival;101
82;K;Kula Shaker;101
83;Currents;Tame Impala;100
84;The Rise and Fall of Ziggy Stardust and the Spiders From Mars;David Bowie;99
85;Coming Up;Suede;99
86;The Secret Migration;Mercury Rev;98
87;London Calling;The Clash;98
88;Talking Heads: 77;Talking Heads;97
89;Sin After Sin;Judas Priest;96
90;L.A. Woman;The Doors;96
91;Legend;Bob Marley;95
92;Jailbreak;Thin Lizzy;95
93;More Songs About Buildings and Food;Talking Heads;94
94;His 'n' Hers;Pulp;93
95;Crystal Castles II;Crystal Castles;92
96;Living in the Material World;George Harrison;92
97;Pet Sounds;The Beach Boys;92
98;Lola Versus Powerman And The Moneygoround, Part One;The Kinks;91
99;A New World Record;Electric Light Orchestra;90
100;News of the World;Queen;90
101;Fush Yu Mang;Smash Mouth;90
102;Everything Must Go;Manic Street Preachers;89
103;Fear of Music;Talking Heads;88
104;X&Y;Coldplay;87
105;Killers;Iron Maiden;87
106;Love Bites;Buzzcocks;85
107;Blonde on Blonde;Bob Dylan;84
108;Heroes;David Bowie;84
109;Scary Monsters (and Super Creeps);David Bowie;84
110;The Bends;Radiohead;84
111;Travelling Without Moving;Jamiroquai;83
112;Led Zeppelin IV;Led Zeppelin;83
113;Steppenwolf;Steppenwolf;83
114;Suede;Suede;83
115;Ross;Diana Ross;82
116;Physical Graffiti;Led Zeppelin;82
117;The Who Sell Out;The Who;82
118;Nightlife;Thin Lizzy;81
119;The Spinning Top;Graham Coxon;80
120;Innerspeaker;Tame Impala;80
121;Lonerism;Tame Impala;80
122;The Essential Tracks;Jerry Lee Lewis;79
123;Purple Rain;Prince;79
124;Electric Warrior;T. Rex;79
125;Grandes Éxitos Pequeños Regalos;Celtas Cortos;78
126;Deserter's Songs;Mercury Rev;78
127;Congratulations;MGMT;78
128;Go 2;XTC;78
129;Highway to Hell;AC/DC;77
130;Happiness In Magazines;Graham Coxon;77
131;Fresh Cream;Cream;76
132;Agotados de esperar el fin;Ilegales;76
133;Mind Games;John Lennon;76
134;Any Minute Now;Soulwax;76
135;Strange Days;The Doors;76
136;Sabbath Bloody Sabbath;Black Sabbath;75
137;La Culpa Fue De Gabinete;Gabinete Caligari;75
138;Sgt. Pepper's Lonely Hearts Club Band;The Beatles;75
139;The Libertines;The Libertines;75
140;Discovery;Daft Punk;74
141;The Freddie Mercury Album;Freddie Mercury;74
142;Rock And Roll Heart;Lou Reed;74
143;Hot Space;Queen;74
144;Fulfillingness First Finale;Stevie Wonder;74
145;Johnny the Fox;Thin Lizzy;73
146;Diamond Dogs;David Bowie;72
147;United;Phoenix;72
148;1;The Beatles;72
149;Revolver;The Beatles;72
150;Black Sea;XTC;72
151;Give 'Em Enough Rope;The Clash;71
152;Californication;Red Hot Chili Peppers;70
153;The Soft Parade;The Doors;70
154;If You Can Believe Your Eyes and Ears;The Mamas & the Papas;70
155;Glenn Miller Plays Selections From The Glenn Miller Story And Other Hits;Glenn Miller;69
156;Fascinado;Sidonie;69
157;Dog Man Star;Suede;69
158;Maneras de vivir (Todos los grandes éxitos);Leno;68
159;Veneno En La Piel;Radio Futura;68
160;Innervisions;Stevie Wonder;68
161;See You On the Other Side;Mercury Rev;66
162;McCartney II;Paul McCartney;66
163;Road to Ruin;Ramones;66
164;Merrie Land;The Good, the Bad & the Queen;66
165;Face to Face;The Kinks;66
166;El Espíritu Del Vino;Héroes del Silencio;65
167;Walls and Bridges;John Lennon;65
168;Wowee Zowee;Pavement;65
169;A Saucerful of Secrets;Pink Floyd;65
170;Without You I'm Nothing;Placebo;65
171;The Now Now;Gorillaz;64
172;Born to Run;Bruce Springsteen;63
173;Love Travels At Illegal Speeds;Graham Coxon;63
174;All Is Dream;Mercury Rev;63
175;Head Music;Suede;63
176;Casanova;The Divine Comedy;63
177;All Things Must Pass (disc 1);George Harrison;62
178;Hail to the Thief;Radiohead;62
179;Anthology Disc 1;Ramones;62
180;Life;The Cardigans;62
181;Help!;The Beatles;61
182;Pablo Honey;Radiohead;60
183;Psychocandy;The Jesus and Mary Chain;60
184;Rocks;Aerosmith;59
185;The Very Best Of Elvis Costello Disc 1;Elvis Costello & The Attractions;59
186;The Real Thing;Faith No More;59
187;Jarvis;Jarvis Cocker;59
188;Let It Be;The Beatles;59
189;Houses of the Holy;Led Zeppelin;58
190;The Stone Roses;The Stone Roses;58
191;Led Zeppelin III;Led Zeppelin;57
192;All Summer Long;The Beach Boys;57
193;Plastic Beach;Gorillaz;56
194;Superstate (feat. Graham Coxon);Superstate;56
195;Adore;The Smashing Pumpkins;56
196;1977;Ash;55
197;Turbo;Judas Priest;55
198;Unidad De Desplazamiento;Los Planetas;55
199;The Masterplan;Oasis;55
200;In It for the Money;Supergrass;55
201;Please Please Me;The Beatles;55
202;Combat Rock;The Clash;55
203;Mellon Collie and the Infinite Sadness (Dawn to Dusk);The Smashing Pumpkins;55
204;Best of Specials;The Specials;55
205;Fighting;Thin Lizzy;55
206;Modern Life Is Rubbish (Special Edition);Blur;54
207;Everyday Robots;Damon Albarn;54
208;Young Americans;David Bowie;54
209;Juez y Parte;Joaquín Sabina;54
210;Sally Can't Dance;Lou Reed;54
211;Kid A;Radiohead;54
212;End of the Century;Ramones;54
213;Is This It;The Strokes;54
214;Weezer (The Blue Album);Weezer;54
215;Highway 61 Revisited;Bob Dylan;53
216;Cosmo's Factory;Creedence Clearwater Revival;53
217;Space Oddity;David Bowie;53
218;Elastica;Elastica;53
219;Alevosía;Luis Eduardo Aute;53
220;This Is My Truth Tell Me Yours;Manic Street Preachers;53
221;The Fat Of The Land;Prodigy;53
222;Parachutes;Coldplay;52
223;Dig Out Your Soul;Oasis;52
224;1999;Prince;52
225;Pinkerton;Weezer;52
226;Aladdin Sane;David Bowie;51
227;You're Living All Over Me;Dinosaur Jr.;51
228;One Step Beyond;Madness;51
229;The Rise & Fall;Madness;51
230;Black Tie White Noise;David Bowie;50
231;Loco Por Incordiar;Rosendo;50
232;Costa Azul;Sidonie;50
233;Supergrass;Supergrass;50
234;The Clash (U.K.);The Clash;50
235;The Velvet Underground & Nico;The Velvet Underground;50
236;The Man Who Sold the World;David Bowie;49
237;Duran Duran;Duran Duran;49
238;Gorillaz;Gorillaz;49
239;Lust for Life;Iggy Pop;49
240;Led Zeppelin II;Led Zeppelin;49
241;In Utero;Nirvana;49
242;The La's;The La's;49
243;Parallel Lines;Blondie;48
244;Alta Suciedad;Andrés Calamaro;47
245;Everyone's Got One;Echobelly;47
246;Sad Wings of Destiny;Judas Priest;47
247;Be Here Now;Oasis;47
248;We Love Life;Pulp;47
249;Ramones;Ramones;47
250;The Madcap Laughs;Syd Barrett;47
251;Eliminator;ZZ Top;47
252;Toys in the Attic;Aerosmith;46
253;Aloha From Hawaii Via Satellite;Elvis Presley;46
254;Ilegales;Ilegales;46
255;Frankenstein;Los Suaves;46
256;Herzeleid;Rammstein;46
257;Outlandos D'Amour;The Police;46
258;Hatful of Hollow;The Smiths;46
259;Willy and the Poor Boys;Creedence Clearwater Revival;45
260;The Fall;Gorillaz;45
261;Unknown Pleasures;Joy Division;45
262;Defenders of the Faith;Judas Priest;45
263;Alphabetical;Phoenix;45
264;Exodus;Bob Marley & The Wailers;44
265;Song Machine, Season One: Strange Timez;Gorillaz;44
266;Senderos De Traición;Héroes del Silencio;44
267;Surrealistic Pillow;Jefferson Airplane;44
268;Otis Blue;Otis Redding;44
269;Let It Bleed;The Rolling Stones;44
270;Machine Head;Deep Purple;43
271;Spiders;Space;43
272;Gran Turismo;The Cardigans;43
273;The Gift;The Jam;43
274;Kinda Kinks;The Kinks;43
275;Let's Dance;David Bowie;42
276;The Next Day;David Bowie;42
277;Dookie;Green Day;42
278;Buena Suerte;Los Rodríguez;42
279;Come On Pilgrim;Pixies;42
280;The Good, the Bad & the Queen;The Good, the Bad & the Queen;42
281;Who's Next;The Who;42
282;Powerage;AC/DC;41
283;Honestidad Brutal CD1;Andrés Calamaro;41
284;Master of Reality;Black Sabbath;41
285;Vol.4;Black Sabbath;41
286;The Sky Is Too High;Graham Coxon;41
287;Oracular Spectacular;MGMT;41
288;Walk Among Us;Misfits;41
289;Isn't Anything;my bloody valentine;41
290;Punk in Drublic;NOFX;41
291;Beggars Banquet;The Rolling Stones;41
292;The Great Escape (Special Edition);Blur;40
293;Rumours;Fleetwood Mac;40
294;Rocka Rolla;Judas Priest;40
295;Attack Of The Grey Lantern;Mansun;40
296;Black Holes and Revelations;Muse;40
297;Tragic Kingdom;No Doubt;40
298;Ram;Paul McCartney;40
299;Meddle;Pink Floyd;40
300;Are You Experienced?;The Jimi Hendrix Experience;40
301;City Lights;The WAEVE;40
302;The WAEVE;The WAEVE;40
303;1984;Van Halen;40
304;The Ideal Crash;dEUS;39
305;Avalancha;Héroes del Silencio;39
306;Malas Compañías;Joaquín Sabina;39
307;Here's Little Richard;Little Richard;39
308;Wallpaper For The Soul;Tahiti 80;39
309;The Band;The Band;39
310;Tyrannosaurus Hives;The Hives;39
311;Achtung Baby;U2;39
312;Back in Black;AC/DC;38
313;Debut;Björk;38
314;Too Low For Zero;Elton John;38
315;Ruleta Rusa;Joaquín Sabina;38
316;Rock 'n' Roll Animal;Lou Reed;38
317;18;Moby;38
318;Don't Believe the Truth;Oasis;38
319;Mellon Collie And The Infinite Sadness (Twilight To Starlight);The Smashing Pumpkins;38
320;Todos Están Muertos;Ilegales;37
321;Street Hassle;Lou Reed;37
322;It's Never Been Like That;Phoenix;37
323;Jazz;Queen;37
324;These People;Richard Ashcroft;37
325;Even in the Quietest Moments...;Supertramp;37
326;A Hard Day's Night;The Beatles;37
327;The Smiths;The Smiths;37
328;Facelift;Alice in Chains;36
329;The Nearer the Fountain, More Pure the Stream Flows;Damon Albarn;36
330;2nd to None;Elvis Presley;36
331;Impuesto Revolucionario;Eskorbuto;36
332;What's Going On;Marvin Gaye;36
333;Blue Lines;Massive Attack;36
334;Thriller;Michael Jackson;36
335;Iron Fist;Motörhead;36
336;Kiss Me, Kiss Me, Kiss Me;The Cure;36
337;Leaders of the Free World;Elbow;35
338;Version 2.0;Garbage;35
339;Surfing with the Alien;Joe Satriani;35
340;Double Fantasy;John Lennon;35
341;Próxima Estación...Esperanza;Manu Chao;35
342;Horses;Patti Smith;35
343;Out of Time;R.E.M.;35
344;Surrender;The Chemical Brothers;35
345;Boys Don't Cry;The Cure;35
346;Seventeen Seconds;The Cure;35
347;The Best of Van Morrison;Van Morrison;35
348;Blur (Special Edition);Blur;34
349;The Very Best Of Edith Piaf;Édith Piaf;34
350;Sanatorio de Muñecos;Hamlet;34
351;Ultrasónica;Los Piratas;34
352;Voy a acabar borracho;Platero y tú;34
353;Rage Against the Machine;Rage Against the Machine;34
354;Night Thoughts;Suede;34
355;Giant Steps;The Boo Radleys;34
356;In the City;The Jam;34
357;Highly Evolved;The Vines;34
358;Whatever People Say I Am, That's What I'm Not;Arctic Monkeys;33
359;Larga Vida Al Rock and Roll;Barón Rojo;33
360;Mr. Natural;Bee Gees;33
361;Creedence Clearwater Revival;Creedence Clearwater Revival;33
362;Nuevas mezclas;El Último de la Fila;33
363;Somos unos Animales;Extremoduro;33
364;A+E;Graham Coxon;33
365;The Golden D;Graham Coxon;33
366;Life;Inspiral Carpets;33
367;Synkronized;Jamiroquai;33
368;Mezzanine;Massive Attack;33
369;Play;Moby;33
370;Origin of Symmetry;Muse;33
371;Player;Player;33
372;Dummy;Portishead;33
373;Kaleidoscope;Siouxsie and the Banshees;33
374;Elephant;The White Stripes;33
375;The Joshua Tree;U2;33
376;All The People... Blur: Live In Hyde Park 02/07/2009;Blur;32
377;Leisure (Special Edition);Blur;32
378;Live At The Budokan;Blur;32
379;Antidotes;Foals;32
380;There Is Nothing Left to Lose;Foo Fighters;32
381;Appetite for Destruction;Guns N' Roses;32
382;Patente De Corso;Jaime Urrutia;32
383;Vulgar Display of Power;Pantera;32
384;A Day at the Races;Queen;32
385;Rated R;Queens of the Stone Age;32
386;Dirty;Sonic Youth;32
387;Parklife (Special Edition);Blur;31
388;El fin de la década;Burning;31
389;Waterloo To Anywhere;Dirty Pretty Things;31
390;On the Third Day;Electric Light Orchestra;31
391;Franz Ferdinand;Franz Ferdinand;31
392;Al calor del amor en un bar;Gabinete Caligari;31
393;In Through the Out Door;Led Zeppelin;31
394;Showbiz;Muse;31
395;Bleach;Nirvana;31
396;Wish You Were Here;Pink Floyd;31
397;Bad Moon Rising;Sonic Youth;31
398;Music for the Jilted Generation;The Prodigy;31
399;After-Math;The Rolling Stones;31
400;Homework;Daft Punk;30
401;Radio Songs;Dave Rowntree;30
402;Rock Transgresivo;Extremoduro;30
403;Ladies And Gentlemen... The Best Of George Michael;George Michael;30
404;Grace;Jeff Buckley;30
405;El Hombre del Traje Gris;Joaquín Sabina;30
406;Greatest Hits;Joe Cocker;30
407;Painkiller;Judas Priest;30
408;30 Años De Éxitos;Los Toreros Muertos;30
409;Second Helping;Lynyrd Skynyrd;30
410;Automatic for the People;R.E.M.;30
411;Sehnsucht;Rammstein;30
412;Grease;Soundtrack;30
413;Mars Audiac Quintet;Stereolab;30
414;A Short Cut To Teenage Fanclub;Teenage Fanclub;30
415;Three Imaginary Boys;The Cure;30
416;Spirits Having Flown;Bee Gees;29
417;The Best Of Chet Baker;Chet Baker;29
418;Use Your Brain;Clawfinger;29
419;Face the Music;Electric Light Orchestra;29
420;Angel Dust;Faith No More;29
421;Screamadelica;Primal Scream;29
422;His 'n' Hers (Bonus Disc);Pulp;29
423;Siamese Dream;The Smashing Pumpkins;29
424;Funeral;Arcade Fire;28
425;Mutations;Beck;28
426;Paranoid;Black Sabbath;28
427;Alzheimer;Def con Dos;28
428;King for a Day... Fool for a Lifetime;Faith No More;28
429;Back To Front;Gilbert O'Sullivan;28
430;Our Love to Admire;Interpol;28
431;Stand Up;Jethro Tull;28
432;Sin Documentos;Los Rodríguez;28
433;Rust In Peace;Megadeth;28
434;¿Donde jugarán las niñas?;Molotov;28
435;The Coral;The Coral;28
436;Neon Bible;Arcade Fire;27
437;Suck It and See;Arctic Monkeys;27
438;Another Music In A Different Kitchen;Buzzcocks;27
439;Station to Station;David Bowie;27
440;Communiqué;Dire Straits;27
441;On;Echobelly;27
442;Eldorado;Electric Light Orchestra;27
443;Once Upon a Time in the West;Hard-Fi;27
444;Employment;Kaiser Chiefs;27
445;Too Fast for Love;Mötley Crüe;27
446;A Kind of Magic;Queen;27
447;Fuera De Lugar;Rosendo;27
448;Meat Is Murder;The Smiths;27
449;My Generation;The Who;27
450;Vagabonds of the Western World;Thin Lizzy;27
451;Main Course;Bee Gees;26
452;Crystal Castles III;Crystal Castles;26
453;Rio;Duran Duran;26
454;D-Sides CD1;Gorillaz;26
455;Warning;Green Day;26
456;Regreso Al Sexo Químicamente Puro;Ilegales;26
457;Because of the Times;Kings of Leon;26
458;Dressed To Kill;Kiss;26
459;Kiss;Kiss;26
460;The Firstborn Is Dead;Nick Cave & the Bad Seeds;26
461;Chasing Yesterday;Noel Gallagher's High Flying Birds;26
462;Sheer Heart Attack;Queen;26
463;Rocket to Russia;Ramones;26
464;Mother's Milk;Red Hot Chili Peppers;26
465;Righeira;Righeira;26
466;Rocket Juice & the Moon;Rocket Juice & The Moon;26
467;Ogden's Nut Gone Flake;Small Faces;26
468;Beatles for Sale;The Beatles;26
469;Songs The Lord Taught Us;The Cramps;26
470;Hot Fuss;The Killers;26
471;Smash;The Offspring;26
472;White Music;XTC;26
473;Pizza Pop;Australian Blonde;25
474;The River;Bruce Springsteen;25
475;3 Feet High and Rising;De La Soul;25
476;Metropolis Pt. 2: Scenes From a Memory;Dream Theater;25
477;Estopa;Estopa;25
478;Strangers in the Night;Frank Sinatra;25
479;Tonight: Franz Ferdinand;Franz Ferdinand;25
480;Sketches of Spain;Miles Davis;25
481;Low-Life;New Order;25
482;Noel Gallagher's High Flying Birds;Noel Gallagher;25
483;Grabaciones Completas 1981-1983;Parálisis Permanente;25
484;Remain in Light;Talking Heads;25
485;Yoshimi Battles the Pink Robots;The Flaming Lips;25
486;Experience;The Prodigy;25
487;Enter the Wu-Tang (36 Chambers);Wu-Tang Clan;25
488;Among the Living;Anthrax;24
489;Volumen Brutal;Barón Rojo;24
490;Saturday Night Fever: The Original Movie Sound Track;Bee Gees;24
491;Dire Straits;Dire Straits;24
492;Tumbleweed Connection;Elton John;24
493;From Here to Eternity;Giorgio Moroder;24
494;Crow Sit on Blood Tree;Graham Coxon;24
495;Chicos Pálidos Para La Máquina;Ilegales;24
496;The Number of the Beast;Iron Maiden;24
497;Surfing the Void;Klaxons;24
498;El ritmo del garage;Loquillo y Trogloditas;24
499;Generation Terrorists;Manic Street Preachers;24
500;Countdown to Extinction;Megadeth;24
501;Moseley Shoals;Ocean Colour Scene;24
502;Stories From the City, Stories From the Sea;PJ Harvey;24
503;The Slider;T. Rex;24
504;Marquee Moon;Television;24
505;Volcano;Temples;24
506;All Mod Cons;The Jam;24
507;Pretenders;The Pretenders;24
508;Maxinquaye;Tricky;24
509;It's Blitz!;Yeah Yeah Yeahs;24
510;Por Instinto;Barricada;23
511;Billy Idol;Billy Idol;23
512;Buddy Holly 75 - CD2;Buddy Holly;23
513;Crowded House;Crowded House;23
514;Right Thoughts, Right Words, Right Action;Franz Ferdinand;23
515;Earth A.D. & Wolfsblood;Misfits;23
516;Animal Rights;Moby;23
517;Yield;Pearl Jam;23
518;The Wall [CD1];Pink Floyd;23
519;A Tientas y Barrancas;Rosendo;23
520;Good Humor;Saint Etienne;23
521;Magical Mystery Tour;The Beatles;23
522;Faith;The Cure;23
523;Hate;The Delgados;23
524;The Fat of the Land;The Prodigy;23
525;Tommy;The Who;23
526;Mask;Bauhaus;22
527;La Taberna del Buda;Café Quijano;22
528;Hours...;David Bowie;22
529;Caldo de Pollo;Decibelios;22
530;Fireball;Deep Purple;22
531;A Funk Odyssey;Jamiroquai;22
532;Nothing's Shocking;Jane's Addiction;22
533;Myths of the Near Future;Klaxons;22
534;Esta Vida Me Va A Matar;Los Suaves;22
535;Loveless;my bloody valentine;22
536;New York Dolls;New York Dolls;22
537;Muy Deficiente;Platero Y Tu;22
538;Correos;Platero y tú;22
539;The Works;Queen;22
540;Amnesiac;Radiohead;22
541;Blood Sugar Sex Magik;Red Hot Chili Peppers;22
542;By the Way;Red Hot Chili Peppers;22
543;Nowhere;Ride;22
544;Goo;Sonic Youth;22
545;A Catholic Education;Teenage Fanclub;22
546;Ghost In The Machine;The Police;22
547;Reggatta de Blanc;The Police;22
548;Room on Fire;The Strokes;22
549;Fragile;Yes;22
550;Buddy Holly 75 - CD01;Buddy Holly;21
551;I Got Dem Ol' Kozmic Blues Again, Mama;Janis Joplin;21
552;Encuentros con entidades;Los Planetas;21
553;Una semana en el motor de un autobús;Los Planetas;21
554;New Sensations;Lou Reed;21
555;Tubular Bells;Mike Oldfield;21
556;Brighten the Corners;Pavement;21
557;Reckoning;R.E.M.;21
558;Deuce;Rory Gallagher;21
559;Talking Book;Stevie Wonder;21
560;Crisis? What Crisis?;Supertramp;21
561;Absolutely Live;The Doors;21
562;Setting Sons;The Jam;21
563;Gish;The Smashing Pumpkins;21
564;A Northern Soul;The Verve;21
565;If You're Feeling Sinister;Belle and Sebastian;20
566;Midlife: A Beginner's Guide To Blur;Blur;20
567;Emergency On Planet Earth;Jamiroquai;20
568;Point of Entry;Judas Priest;20
569;Destroyer;Kiss;20
570;Super 8;Los Planetas;20
571;(pronounced 'lĕh-'nérd 'skin-'nérd);Lynyrd Skynyrd;20
572;MGMT;MGMT;20
573;Standing on the Shoulder of Giants;Oasis;20
574;Vitalogy;Pearl Jam;20
575;Life Thru a Lens;Robbie Williams;20
576;For Your Pleasure;Roxy Music;20
577;True;Spandau Ballet;20
578;The Best of Talking Heads;Talking Heads;20
579;Stage Fright;The Band;20
580;The Head on the Door;The Cure;20
581;Primary Colours;The Horrors;20
582;Skying;The Horrors;20
583;The Kink Kontroversy;The Kinks;20
584;The Queen Is Dead;The Smiths;20
585;The Who by Numbers;The Who;20
586;Undertow;Tool;20
587;Nine Lives;Aerosmith;19
588;Black Sabbath;Black Sabbath;19
589;Music for the Masses;Depeche Mode;19
590;Ocean Rain;Echo & the Bunnymen;19
591;Freak Out!;Frank Zappa;19
592;Salve;La Polla Records;19
593;Led Zeppelin I;Led Zeppelin;19
594;Songs of Leonard Cohen;Leonard Cohen;19
595;Colour Of The Trap;Miles Kane;19
596;Don't Forget Who You Are;Miles Kane;19
597;Bomber;Motörhead;19
598;Complete 'B' Sides;Pixies;19
599;Black Market Music;Placebo;19
600;Queen;Queen;19
601;With the Beatles;The Beatles;19
602;Yellow Submarine;The Beatles;19
603;Machina - The Machines of God;The Smashing Pumpkins;19
604;13 (Special Edition);Blur;18
605;Think Tank (Special Edition);Blur;18
606;Disraeli Gears;Cream;18
607;Armas Pal Pueblo;Def con Dos;18
608;Flamingos;Enrique Bunbury;18
609;Slowhand;Eric Clapton;18
610;Substance;Joy Division;18
611;In the Court of the Crimson King;King Crimson;18
612;Growing Up in Public;Lou Reed;18
613;Gold Against the Soul;Manic Street Preachers;18
614;Master of Puppets;Metallica;18
615;The Piper at the Gates of Dawn;Pink Floyd;18
616;Separations;Pulp;18
617;Robbie Dupree;Robbie Dupree;18
618;Jugar Al Gua;Rosendo;18
619;Bailaré Sobre Tu Tumba;Siniestro Total;18
620;Superunknown;Soundgarden;18
621;It's Only Rock 'n' Roll;The Rolling Stones;18
622;summerteeth;Wilco;18
623;The Suburbs;Arcade Fire;17
624;Eat to the Beat;Blondie;17
625;Rasgos;Camilo Sesto;17
626;Bug;Dinosaur Jr.;17
627;Agíla;Extremoduro;17
628;Iros Todos a Tomar Por Culo;Extremoduro;17
629;El Mar No Cesa;Héroes del Silencio;17
630;Crooked Rain, Crooked Rain;Pavement;17
631;Muy deficiente;Platero y tú;17
632;Songs for the Deaf;Queens of the Stone Age;17
633;Nunca es Tarde... si la Dicha es Buena;Reincidentes;17
634;Veo, Veo... Mamoneo;Rosendo;17
635;¿Cuándo se come aqui?;Siniestro Total;17
636;Menos Mal Que Nos Queda Portugal;Siniestro Total;17
637;The It Girl;Sleeper;17
638;A New Morning;Suede;17
639;Crime of the Century;Supertramp;17
640;Between 10th and 11th;The Charlatans;17
641;Some Girls;The Rolling Stones;17
642;NME Presents the 90s Disc 1;Various Artists;17
643;NME Presents the 90s Disc 2;Various Artists;17
644;NME Presents the 90s Disc 3;Various Artists;17
645;Weezer (The Green Album);Weezer;17
646;Reflektor;Arcade Fire;16
647;Odelay;Beck;16
648;Catch Bull At Four;Cat Stevens;16
649;You Could Have It So Much Better;Franz Ferdinand;16
650;Glasvegas;Glasvegas;16
651;16 Biggest Hits;Johnny Cash;16
652;Kasabian;Kasabian;16
653;Life Is Peachy;Korn;16
654;Autobahn;Kraftwerk;16
655;Physical Graffiti (CD2);Led Zeppelin;16
656;Chocolate Starfish and the Hot Dog Flavored Water;Limp Bizkit;16
657;Peace Sells... But Who's Buying?;Megadeth;16
658;... And Justice for All;Metallica;16
659;Marchin' Already;Ocean Colour Scene;16
660;Rancid;Rancid;16
661;Sandinista!;The Clash;16
662;Darklands;The Jesus and Mary Chain;16
663;Black and Blue;The Rolling Stones;16
664;Live & Dangerous;Thin Lizzy;16
665;Good Feeling;Travis;16
666;Le origini volume 1;Adriano Celentano;15
667;No Control;Bad Religion;15
668;Licensed to Ill;Beastie Boys;15
669;Never Say Die!;Black Sabbath;15
670;Under the Westway;Blur;15
671;Madrid;Burning;15
672;Inadaptados;Cicatriz;15
673;Grandes éxitos y fracasos (Episodio primero);Extremoduro;15
674;You've Come a Long Way, Baby;Fatboy Slim;15
675;Privado;Gabinete Caligari;15
676;This Is Glenn Miller And His Orchestra;Glenn Miller;15
677;Canciones 84-96 CD1;Héroes del Silencio;15
678;Some Time In New York City [CD1]];John Lennon;15
679;Palabras más, Palabras Menos;Los Rodríguez;15
680;The Downward Spiral;Nine Inch Nails;15
681;7;Platero y tú;15
682;Hay Poco Rock & Roll;Platero y tú;15
683;This Is Hardcore (Bonus Disc);Pulp;15
684;Greatest Hits I;Queen;15
685;Música moderna;Radio Futura;15
686;Live aus Berlin;Rammstein;15
687;La Tortuga;Rosendo;15
688;In Trance;Scorpions;15
689;Never Mind the Bollocks;Sex Pistols;15
690;Von;Sigur Rós;15
691;How to Make Friends and Influence People;Terrorvision;15
692;The Clash (U.S.);The Clash;15
693;To the Faithful Departed;The Cranberries;15
694;Disintegration;The Cure;15
695;Band on the Run;Wings;15
696;In the Flat Field;Bauhaus;14
697;Sabotage;Black Sabbath;14
698;Cria Cuervos;Boikot;14
699;Born in the U.S.A.;Bruce Springsteen;14
700;Madrid, zona bruta;El Club de los Poetas Violentos;14
701;Deltoya;Extremoduro;14
702;Use Your Illusion II;Guns N' Roses;14
703;The Return Of The Space Cowboy;Jamiroquai;14
704;LHR;La Habitación Roja;14
705;Revolución;La Polla Records;14
706;New York;Lou Reed;14
707;Load;Metallica;14
708;Bad;Michael Jackson;14
709;Ten;Pearl Jam;14
710;Tin Planet;Space;14
711;Come With Us;The Chemical Brothers;14
712;Psychedelic Jungle;The Cramps;14
713;Sound Affects;The Jam;14
714;Ixnay on the Hombre;The Offspring;14
715;Get a Grip;Aerosmith;13
716;Favourite Worst Nightmare;Arctic Monkeys;13
717;Shotter´s Nation;Babyshambles;13
718;Balas Blancas;Barricada;13
719;Different Gear, Still Speeding;Beady Eye;13
720;Big Brother & Holding Company;Big Brother & The Holding Company;13
721;Plastic Letters;Blondie;13
722;Parklive Disc 1;Blur;13
723;The Times They Are A-Changin';Bob Dylan;13
724;The River 1;Bruce Springsteen;13
725;Never Let Me Down;David Bowie;13
726;Transatlanticism;Death Cab for Cutie;13
727;Pyromania;Def Leppard;13
728;Violator;Depeche Mode;13
729;Crocodiles;Echo & the Bunnymen;13
730;ELO 2;Electric Light Orchestra;13
731;Pequeño;Enrique Bunbury;13
732;Canciones Prohibidas;Extremoduro;13
733;Use Your Illusion I;Guns N' Roses;13
734;Make Yourself;Incubus;13
735;Ray of Light;Madonna;13
736;Te quiero,Te quiero;Nino Bravo;13
737;Un Beso Y Una Flor;Nino Bravo;13
738;Mechanical Wonder;Ocean Colour Scene;13
739;Beneath The Eyrie;Pixies;13
740;Evil Heat;Primal Scream;13
741;Sing When You're Winning;Robbie Williams;13
742;Deja Que les Diga Que No!;Rosendo;13
743;Emperor Tomato Ketchup;Stereolab;13
744;Bandwagonesque;Teenage Fanclub;13
745;Grand Prix;Teenage Fanclub;13
746;The Hush;Texas;13
747;First Band on the Moon;The Cardigans;13
748;Tellin' Stories (US Edition);The Charlatans;13
749;Dig Your Own Hole;The Chemical Brothers;13
750;No Need to Argue;The Cranberries;13
751;Live at the Hollywood Bowl;The Doors;13
752;Muswell Hillbillies;The Kinks;13
753;Bridges to Babylon;The Rolling Stones;13
754;Get Behind Me Satan;The White Stripes;13
755;A Quick One;The Who;13
756;The Eraser;Thom Yorke;13
757;Lateralus;Tool;13
758;Maladroit;Weezer;13
759;Permanent Vacation;Aerosmith;12
760;Humbug;Arctic Monkeys;12
761;Suffer;Bad Religion;12
762;Sunday at the vanguard;Bill Evans;12
763;Parklive Disc 2;Blur;12
764;Greetings From Asbury Park;Bruce Springsteen;12
765;Mardi Gras;Creedence Clearwater Revival;12
766;Captain Fantastic and the Brown Dirt Cowboy;Elton John;12
767;La ley innata;Extremoduro;12
768;Garbage;Garbage;12
769;E=MC2;Giorgio Moroder;12
770;Juke Box Saturday Night;Glenn Miller;12
771;Milestones Of A Swing Legend CD6;Glenn Miller;12
772;Sun Valley Serenade;Glenn Miller;12
773;American Beauty;Grateful Dead;12
774;New Values;Iggy Pop;12
775;S.C.I.E.N.C.E.;Incubus;12
776;Further Complications;Jarvis Cocker;12
777;Live in New York City;John Lennon;12
778;Radio-Activity;Kraftwerk;12
779;The Man Machine;Kraftwerk;12
780;Legendary Hearts;Lou Reed;12
781;Lovelife;Lush;12
782;Things to Make and Do;Moloko;12
783;After the Gold Rush;Neil Young;12
784;The Wall [CD2];Pink Floyd;12
785;Head Carrier;Pixies;12
786;Indie Cindy;Pixies;12
787;Vamos Tirando;Platero y tú;12
788;Freaks;Pulp;12
789;Murmur;R.E.M.;12
790;Reise, Reise;Rammstein;12
791;El Incendio;Sidonie;12
792;Barrett;Syd Barrett;12
793;Spirit of Eden;Talk Talk;12
794;Wake Up!;The Boo Radleys;12
795;Veni Vidi Vicious;The Hives;12
796;Strange House;The Horrors;12
797;Americana;The Offspring;12
798;Zenyattà Mondatta;The Police;12
799;Pretenders II;The Pretenders;12
800;Strangeways, Here We Come;The Smiths;12
801;Nu-Clear Sounds;Ash;11
802;Blondie;Blondie;11
803;Best of;Blur;11
804;Bringing It All Back Home;Bob Dylan;11
805;La extraordinaria paradoja del sonido Quijano;Café Quijano;11
806;Pendulum;Creedence Clearwater Revival;11
807;Adrenaline;Deftones;11
808;Black Celebration;Depeche Mode;11
809;Hellville de Luxe;Enrique Bunbury;11
810;Anti Todo;Eskorbuto;11
811;¿Dónde Están Mis Amigos?;Extremoduro;11
812;All Things Must Pass (disc 2);George Harrison;11
813;Orchestra Wives;Glenn Miller;11
814;Celebrity Skin;Hole;11
815;Si la muerte me mira de frente, me pongo de lao;Ilegales;11
816;Aqualung;Jethro Tull;11
817;The Messenger;Johnny Marr;11
818;Fatal Portrait;King Diamond;11
819;Peasants, Pigs & Astronauts;Kula Shaker;11
820;Pop;Los Planetas;11
821;Shout at the Devil;Mötley Crüe;11
822;Prepárate;Obus;11
823;Infest;Papa Roach;11
824;Vs.;Pearl Jam;11
825;Atom Heart Mother;Pink Floyd;11
826;Portishead;Portishead;11
827;Metal Box;Public Image Ltd.;11
828;The Game;Queen;11
829;Evil Empire;Rage Against the Machine;11
830;Mutter;Rammstein;11
831;Music Kills Me;Rinôçérôse;11
832;Show No Mercy;Slayer;11
833;Purple;Stone Temple Pilots;11
834;Long Gone Before Daylight;The Cardigans;11
835;Some Friendly;The Charlatans;11
836;Exit Planet Dust;The Chemical Brothers;11
837;Village Green Preservation Society [Special Deluxe Edition 2004] (CD2 Mono);The Kinks;11
838;Synchronicity;The Police;11
839;Goats Head Soup;The Rolling Stones;11
840;Tattoo You;The Rolling Stones;11
841;White Blood Cells;The White Stripes;11
842;Zooropa;U2;11
843;Year Of The Cat;Al Stewart;10
844;Billion Dollar Babies;Alice Cooper;10
845;HONESTIDAD BRUTAL CD2;Andrés Calamaro;10
846;The Man;Barry White;10
847;Darkness on the Edge of Town;Bruce Springsteen;10
848;Sentimientos;Camilo Sesto;10
849;Indicios;Carlos Berlanga;10
850;A Rush of Blood to the Head;Coldplay;10
851;Earthling;David Bowie;10
852;Cien Mil Vueltas;Gabinete Caligari;10
853;Song Machine, Season One: Strange Timez (Deluxe Edition);Gorillaz;10
854;The Kiss of Morning;Graham Coxon;10
855;Nimrod;Green Day;10
856;Pearl;Janis Joplin;10
857;La Flaca;Jarabe de Palo;10
858;Ram It Down;Judas Priest;10
859;Rock and Roll Over;Kiss;10
860;Physical Graffiti (CD1);Led Zeppelin;10
861;Entre Amigos;Luis Eduardo Aute;10
862;So Far, So Good... So What!;Megadeth;10
863;Kill 'Em All;Metallica;10
864;Hergest Ridge;Mike Oldfield;10
865;Kind of Blue;Miles Davis;10
866;Theatre of Pain;Mötley Crüe;10
867;Overkill;Motörhead;10
868;The Resistance;Muse;10
869;Harvest;Neil Young;10
870;Too Much Too Soon;New York Dolls;10
871;Pretty Hate Machine;Nine Inch Nails;10
872;Songs For The Front Row - The Best Of Ocean Colour Scene;Ocean Colour Scene;10
873;Placebo;Placebo;10
874;De un país en llamas;Radio Futura;10
875;La canción de Juan Perro;Radio Futura;10
876;Para Mal O Para Bien;Rosendo;10
877;Roxy Music;Roxy Music;10
878;Ágætis byrjun;Sigur Rós;10
879;Reign in Blood;Slayer;10
880;EVOL;Sonic Youth;10
881;The Top;The Cure;10
882;Other Voices;The Doors;10
883;Costello Music;The Fratellis;10
884;First Impressions of Earth;The Strokes;10
885;Bringing Down The Horse;The Wallflowers;10
886;It's Hard;The Who;10
887;Afterburner;ZZ Top;10
888;El Loco;ZZ Top;10
889;Tres Hombres;ZZ Top;10
890;High Voltage;AC/DC;9
891;Diez;Alaska y Dinarama;9
892;School's Out;Alice Cooper;9
893;Flowing Rivers;Andy Gibb;9
894;Imaginations From The Other Side;Blind Guardian;9
895;Blonde on Blond;Bob Dylan;9
896;Algo más;Camilo Sesto;9
897;Human After All;Daft Punk;9
898;Saturday Night Fever: The Original Movie Sound Track;David Shire;9
899;Some Great Reward;Depeche Mode;9
900;Destrangis;Estopa;9
901;Camino Soria;Gabinete Caligari;9
902;Selling England by the Pound;Genesis;9
903;Golpes bajos;Golpes Bajos;9
904;Iron Maiden;Iron Maiden;9
905;Piece of Mind;Iron Maiden;9
906;Hotel, Dulce Hotel;Joaquín Sabina;9
907;Señales de Humo;Los Coronas;9
908;Mecano;Mecano;9
909;Porgy and Bess;Miles Davis;9
910;Brotherhood;New Order;9
911;The Good Son;Nick Cave & the Bad Seeds;9
912;Your Funeral... My Trial;Nick Cave & the Bad Seeds;9
913;McCartney;Paul McCartney;9
914;Canciones Para Normales y Mero Dementes;Rosendo;9
915;Virgin Killer;Scorpions;9
916;Juju;Siouxsie and the Banshees;9
917;Fresh Cream;Soundtrack;9
918;Pulp Fiction (Collector's Edition);Soundtrack;9
919;Step II;Sylvester;9
920;Back Stabbers;The O'Jays;9
921;Along Came Jones;Tom Jones;9
922;Wild Life;Wings;9
923;Le Fabuleux Destin d'Amélie Poulain;Yann Tiersen;9
924;Technical Ectasy;Black Sabbath;8
925;Chic;Chic;8
926;David Bowie;David Bowie;8
927;Segundo Asalto;Def con Dos;8
928;Branquias Bajo el Agua;Derribos Arias;8
929;Porcupine;Echo & the Bunnymen;8
930;Glenn Miller (An Album Of Outstanding Arrangements);Glenn Miller;8
931;Aoxomoxoa;Grateful Dead;8
932;American Idiot;Green Day;8
933;Powerslave;Iron Maiden;8
934;Volunteers;Jefferson Airplane;8
935;Coda;Led Zeppelin;8
936;Nuthin' Fancy;Lynyrd Skynyrd;8
937;The Holy Bible;Manic Street Preachers;8
938;Killing Is My Business...And Business Is Good!;Megadeth;8
939;Ride the Lightning;Metallica;8
940;Movement;New Order;8
941;Power, Corruption & Lies;New Order;8
942;Kicking Against the Pricks;Nick Cave & the Bad Seeds;8
943;Danger Zone;Player;8
944;4ever;Prince;8
945;Green;R.E.M.;8
946;Leave Home;Ramones;8
947;... A Las Lombrices;Rosendo;8
948;Lovedrive;Scorpions;8
949;Singles 93-03;The Chemical Brothers;8
950;Pornography;The Cure;8
951;Singles;The Smiths;8
952;Raw Power;The Stooges;8
953;File Live Yardbirds;The Yardbirds;8
954;Older;Various Artists;8
955;The Wild, the Innocent & the E Street Shuffle;Bruce Springsteen;7
956;Live Santa Monica '72;David Bowie;7
957;Deep Purple In Rock;Deep Purple;7
958;Who Do We Think We Are;Deep Purple;7
959;Nursery Cryme;Genesis;7
960;The Marvelous Miller Medleys;Glenn Miller;7
961;El Espiritu Del Vino;Héroes del Silencio;7
962;Yours Truly, Angry Mob;Kaiser Chiefs;7
963;Empire;Kasabian;7
964;Trans-Europe Express;Kraftwerk;7
965;Presence;Led Zeppelin;7
966;A Día De Hoy;Luis Eduardo Aute;7
967;Auterretratos Vol.1 (CD1);Luis Eduardo Aute;7
968;Tubular Bells II;Mike Oldfield;7
969;Unplugged in New York;Nirvana;7
970;Songs For The Front Row - The Best of Ocean Colour Scene - ARK21;Ocean Colour Scene;7
971;Fly To The Rainbow;Scorpions;7
972;Mellon Collie and the Infinite Sadness (CD 1 Dawn to Dusk);The Smashing Pumpkins;7
973;Vivir Para Contarlo;Violadores del Verso;7
974;Don't Stop;Billy Idol;6
975;Bustin' + Dronin' (Disc-1);Blur;6
976;The Freewheelin' Bob Dylan;Bob Dylan;6
977;Mali Music;Damon Albarn;6
978;Material Defectuoso;Extremoduro;6
979;Foxtrot;Genesis;6
980;Double Fantasy;John Lennon/Yoko Ono;6
981;Korn;Korn;6
982;Big Calm;Morcheeba;6
983;Death Goes To The Disco;Pulp;6
984;Pleasant Dreams;Ramones;6
985;Grand Theft Auto: San Andreas Official Soundtrack Box Set;Soundtrack;6
986;Minute by Minute;The Doobie Brothers;6
987;Saturday Night Fever: The Original Movie Sound Track;The Trammps;6
988;White light, white heat;The Velvet Underground;6
989;The Invisible Band;Travis;6
990;Dirty Deeds Done Dirt Cheap;AC/DC;5
991;Parklive Disc 3;Blur;5
992;Buddy Holly 75 - CD03;Buddy Holly;5
993;4 años, 2 meses y 1 dia;Cicatriz;5
994;Dr Dee;Damon Albarn;5
995;Pin Ups;David Bowie;5
996;Scary Monsters;David Bowie;5
997;Oi!;Decibelios;5
998;Pulp Fiction (Collector's Edition);Dick Dale;5
999;El Apóstol De La Lujuria;Ilegales;5
1000;El Muchacho Eléctrico;Jaime Urrutia;5
1001;Best Of Bossa Nova - 75 Classic Hits (Disc 1);João Gilberto;5
1002;Kollected - The Best Of Kula Shaker;Kula Shaker;5
1003;Life in Cartoon Motion;Mika;5
1004;Maybe You've Been Brainwashed Too;New Radicals;5
1005;Prepárate;Obús;5
1006;Animals;Pink Floyd;5
1007;A Pelo;Platero y tú;5
1008;Chronic Town;R.E.M.;5
1009;Up;R.E.M.;5
1010;The Great Rock'n'Roll Swindle;Sid Vicious;5
1011;Best Of Bossa Nova - 75 Classic Hits (Disc 1);Sylvia Telles;5
1012;Sweetheart Of The Rodeo;The Byrds;5
1013;In Concert CD2;The Doors;5
1014;Sam's Town;The Killers;5
1015;Dirty Work;The Rolling Stones;5
1016;Pop;U2;5
1017;Vampire Weekend;Vampire Weekend;5
1018;Van Halen II;Van Halen;5
1019;Al Green Is Love;Al Green;4
1020;En Vivo Mucho Mejor;Ariel Rot;4
1021;The Boy with the Arab Strap;Belle and Sebastian;4
1022;Amor Libre;Camilo Sesto;4
1023;Grandes Éxitos Pequeños Regalos 2;Celtas Cortos;4
1024;The Marshall Mathers LP;Eminem;4
1025;Los singles;Gabinete Caligari;4
1026;Sombras Negras;Gabinete Caligari;4
1027;The New Glenn Miller Orchestra in Hi Fi;Glenn Miller;4
1028;Mentiras Piadosas;Joaquín Sabina;4
1029;Canciones de un Poeta;José Luis Perales;4
1030;Vaqueros del espacio;Loquillo y Trogloditas;4
1031;Incantations;Mike Oldfield;4
1032;Passion;Peor Impossible;4
1033;Different Class (bonus disc);Pulp;4
1034;Greatest Hits II;Queen;4
1035;Pulp Fiction (Collector's Edition);Al Green;3
1036;Saturday Night Fever Soundtrack;Bee Gees;3
1037;Colours - Fan Club Single;Blur;3
1038;Midlife A Beginner's Guide To Blur;Blur;3
1039;A Different Kind of Tension;Buzzcocks;3
1040;Camilo;Camilo Sesto;3
1041;9:30 El Remix;El Club de los Poetas Violentos;3
1042;The Good, the Bad and the Ugly;Ennio Morricone;3
1043;El Viaje A Ninguna Parte (disc 1);Enrique Bunbury;3
1044;Grandes éxitos y fracasos (Episodio segundo);Extremoduro;3
1045;Song Machine, Season One: Strange Timez (Japanese Edition);Gorillaz;3
1046;Love Will Tear Us Apart;Joy Division;3
1047;Saturday Night Fever: The Original Movie Sound Track;KC and The Sunshine Band;3
1048;Saturday Night Fever: The Original Movie Sound Track;Kool & the Gang;3
1049;Proxima Estación: Esperanza;Manu Chao;3
1050;Absolution;Muse;3
1051;Mi Tierra;Nino Bravo;3
1052;Innuendo;Queen;3
1053;The Miracle;Queen;3
1054;La Ley Del Desierto, La Ley Del Mar;Radio Futura;3
1055;Saturday Night Fever: The Original Movie Sound Track;Ralph MacDonald;3
1056;Anthology Disc 2;Ramones;3
1057;Paranoid;Soundtrack;3
1058;Saturday Night Fever: The Original Movie Sound Track;Tavares;3
1059;Hot Fuss (limited edition);The Killers;3
1060;Hums Of The Lovin' Spoonful;The Lovin' Spoonful;3
1061;Saturday Night Fever: The Original Movie Sound Track;Various Artists;3
1062;Saturday Night Fever: The Original Movie Sound Track;Walter Murphy;3
1063;Close to the Edge;Yes;3
1064;Saturday Night Fever: The Original Movie Sound Track;Yvonne Elliman;3
1065;Le origini - Volume 2;Adriano Celentano;2
1066;Metalmorfosis;Barón Rojo;2
1067;All the people... Blur: Live in Hyde Park 02/07/2009 - Disc 01;Blur;2
1068;BBC Broadcasts, 1995.06.17 London, Mile End Stadium;Blur;2
1069;Blurb 1;Blur;2
1070;Pulp Fiction (Collector's Edition);Brothers Johnson;2
1071;Grandes Éxitos Pequeños Regalos 1;Celtas Cortos;2
1072;Reality;David Bowie;2
1073;The Very Best of Elvis Costello Disc 2;Elvis Costello;2
1074;The Very Best of Elvis Costello Disc 2;Elvis Costello & The Attractions;2
1075;Cuatro rosas. Que Dios reparta suerte;Gabinete Caligari;2
1076;Canciones '84 - '96 (CD 2 von 2);Héroes del Silencio;2
1077;Física y Química;Joaquín Sabina;2
1078;Pulp Fiction (Collector's Edition);John Travolta;2
1079;Raindrops Keep Fallin' On My Head;Johnny Mathis;2
1080;Pulp Fiction (Collector's Edition);Kool & the Gang;2
1081;2002 - KOLLECTED - THE BEST OF;Kula Shaker;2
1082;Greatest Hits;Les Paul & Mary Ford;2
1083;Better Can't Make Your Life Better;Lilys;2
1084;¿Dónde Estabas Tú En El 77?;Loquillo y Trogloditas;2
1085;Pacífico / Todos los chico en la playa;Loquillo y Trogloditas;2
1086;Disco Pirata;Los Rodríguez;2
1087;Bultacos Y Montesas;Los Sencillos;2
1088;Metal Machine Music;Lou Reed;2
1089;Crises;Mike Oldfield;2
1090;Ommadawn;Mike Oldfield;2
1091;Apocalypshit;Molotov;2
1092;The 2nd Law;Muse;2
1093;One From the Modern;Ocean Colour Scene;2
1094;It;Pulp;2
1095;Bookends;Simon & Garfunkel;2
1096;Spare Ribs;Sleaford Mods;2
1097;Performance and Cocktails;Stereophonics;2
1098;Best Of The Capitol Years 1995-2007;The Dandy Warhols;2
1099;Absent Friends;The Divine Comedy;2
1100;Come on Feel the Lemonheads;The Lemonheads;2
1101;Rotten Apples;The Smashing Pumpkins;2
1102;Is This It (US);The Strokes;2
1103;Winning Days;The Vines;2
1104;Let's Stay Together;Al Green;1
1105;Alaska Y Los Pegamoides;Alaska y Los Pegamoides;1
1106;Que Pasa Nen Estic Content;Alizzz;1
1107;Come to Daddy;Aphex Twin;1
1108;Raindrops Keep Fallin' on My Head;B.J. Thomas;1
1109;La Araña;Barricada;1
1110;Living Eyes;Bee Gees;1
1111;Greatest Hits;Billy Idol;1
1112;Rebel Yell;Billy Idol;1
1113;Grand Theft Auto: San Andreas Official Soundtrack Box Set;Black Harmony;1
1114;Enema of the State;blink-182;1
1115;All the people... Blur: Live in Hyde Park 02/07/2009 - Disc 02;Blur;1
1116;Atrapado en el Amor;Burning;1
1117;Best Of Bossa Nova - 75 Classic Hits (Disc 1);Carlos Lyra;1
1118;1. Outside - The Nathan Adler Diaries: A Hyper Cycle;David Bowie;1
1119;David Live CD1;David Bowie;1
1120;Space Oddity (Bonus Disc);David Bowie;1
1121;Stage (disc 2);David Bowie;1
1122;Vacaciones en el Prat;Decibelios;1
1123;Ultramemia;Def con Dos;1
1124;Pulp Fiction (Collector's Edition);Duane Whitaker;1
1125;Alas Sobre El Mundo;El Aviador Dro;1
1126;Closeup;Frankie Valli;1
1127;PIAS 2005 Music First;Franz Ferdinand;1
1128;SUBID LA MUSICA;Gabinete Caligari;1
1129;Older;George Michael;1
1130;For The Very First Time Vol. 2;Glenn Miller;1
1131;The Sound of Glenn Miller;Glenn Miller;1
1132;Kasabian;Ｇｏｒｉｌｌａｚ;1
1133;Better Than Raw;Helloween;1
1134;Bonito;Jarabe de Palo;1
1135;De Vuelta Y Vuelta;Jarabe de Palo;1
1136;Depende;Jarabe de Palo;1
1137;Cross;Justice;1
1138;Pulp Fiction (Collector's Edition);Link Wray & His Wraymen;1
1139;Ese Día Piensa En Mí;Los Suaves;1
1140;PIAS 2005 Music First;Marc Parrot;1
1141;Pulp Fiction (Collector's Edition);Maria McKee;1
1142;Antichrist Superstar;Marilyn Manson;1
1143;Metallica (Black Album);Metallica;1
1144;Tender Prey;Nick Cave & the Bad Seeds;1
1145;Best Of The Capitol Years 1995-2007;Original TV Soundtrack;1
1146;Manners;Passion Pit;1
1147;Sounds of Silence;Paul Simon;1
1148;Best Of Bossa Nova - 75 Classic Hits (Disc 1);Pery Ribeiro;1
1149;Anthology ( Disc 2 );Ramones;1
1150;Listos Para La Reconversión;Rosendo;1
1151;Pulp Fiction (Collector's Edition);Samuel L. Jackson;1
1152;Blackout;Scorpions;1
1153;Never Mind The Bollocks [TOCP-53098 TOSHIBA-EMI JAPAN];Sex Pistols;1
1154;The Great Rock'n'Roll Swindle;Sex Pistols;1
1155;Sounds of Silence;Simon & Garfunkel;1
1156;Siniestro Total II: El Regreso;Siniestro Total;1
1157;Eton Alive;Sleaford Mods;1
1158;Sleaford Mods;Sleaford Mods;1
1159;Easy Rider;Steppenwolf;1
1160;Adventure;Television;1
1161;Push the Button;The Chemical Brothers;1
1162;PIAS 2005 Music First;The Go! Team;1
1163;Get The Knack;The Knack;1
1164;Pulp Fiction (Collector's Edition);The Lively Ones;1
1165;Someone to Drive You Home;The Long Blondes;1
1166;Pulp Fiction (Collector's Edition);The Marketts;1
1167;Always Outnumbered Never Outgu;The Prodigy;1
1168;Pulp Fiction (Collector's Edition);The Robins;1
1169;It's Only Rock ' N Roll;The Rolling Stones;1
1170;Their Satanic Majesties Request;The Rolling Stones;1
1171;Mellon Collie and the Infinite Sadness (CD 2 Twilight to Starlight);The Smashing Pumpkins;1
1172;Hatful Of Hollow (Japan MiniLP WPCR-12439);The Smiths;1
1173;Pulp Fiction (Collector's Edition);The Statler Brothers;1
1174;Kilimanjaro;The Teardrop Explodes;1
1175;Van Halen;Van Halen;1
1176;The Bends;Varios intérpretes;1
1177;Let's Stay Together;Various Artists;1
1178;The Invisible Band;Various Artists;1
1179;Best Of Bossa Nova - 75 Classic Hits (Disc 1);Vinícius de Moraes;1
